Date,Symbol,Price.Type,Price
2021-01-04,0992.HK,Adjusted,7.023958
2021-01-05,0992.HK,Adjusted,7.033176
2021-01-06,0992.HK,Adjusted,6.894909
2021-01-07,0992.HK,Adjusted,6.968651
2021-01-08,0992.HK,Adjusted,7.291274
2021-01-11,0992.HK,Adjusted,6.811949
2021-01-12,0992.HK,Adjusted,7.420323
2021-01-13,0992.HK,Adjusted,8.139312
2021-01-14,0992.HK,Adjusted,8.130093
2021-01-15,0992.HK,Adjusted,8.111658
2021-01-18,0992.HK,Adjusted,8.461935
2021-01-19,0992.HK,Adjusted,8.581766
2021-01-20,0992.HK,Adjusted,8.342103
2021-01-21,0992.HK,Adjusted,8.498806
2021-01-22,0992.HK,Adjusted,8.544894
2021-01-25,0992.HK,Adjusted,8.987348
2021-01-26,0992.HK,Adjusted,9.125614
2021-01-27,0992.HK,Adjusted,9.024219
2021-01-28,0992.HK,Adjusted,8.701596
2021-01-29,0992.HK,Adjusted,8.415845
2021-02-01,0992.HK,Adjusted,8.922824
2021-02-02,0992.HK,Adjusted,8.950476
2021-02-03,0992.HK,Adjusted,9.365277
2021-02-04,0992.HK,Adjusted,9.070308
2021-02-05,0992.HK,Adjusted,9.088743
2021-02-08,0992.HK,Adjusted,8.987348
2021-02-09,0992.HK,Adjusted,9.383714
2021-02-10,0992.HK,Adjusted,9.273099
2021-02-11,0992.HK,Adjusted,9.217793
2021-02-12,0992.HK,Adjusted,9.217793
2021-02-16,0992.HK,Adjusted,9.494327
2021-02-17,0992.HK,Adjusted,9.826167
2021-02-18,0992.HK,Adjusted,9.844604
2021-02-19,0992.HK,Adjusted,9.881474
2021-02-22,0992.HK,Adjusted,9.254663
2021-02-23,0992.HK,Adjusted,9.383714
2021-02-24,0992.HK,Adjusted,9.254663
2021-02-25,0992.HK,Adjusted,9.457456
2021-02-26,0992.HK,Adjusted,9.042655
2021-03-01,0992.HK,Adjusted,9.47589
2021-03-02,0992.HK,Adjusted,9.494327
2021-03-03,0992.HK,Adjusted,9.60494
2021-03-04,0992.HK,Adjusted,9.180922
2021-03-05,0992.HK,Adjusted,9.199356
2021-03-08,0992.HK,Adjusted,9.005784
2021-03-09,0992.HK,Adjusted,8.885953
2021-03-10,0992.HK,Adjusted,9.190139
2021-03-11,0992.HK,Adjusted,9.531199
2021-03-12,0992.HK,Adjusted,9.042655
2021-03-15,0992.HK,Adjusted,8.406627
2021-03-16,0992.HK,Adjusted,8.369756
2021-03-17,0992.HK,Adjusted,8.213054
2021-03-18,0992.HK,Adjusted,8.554111
2021-03-19,0992.HK,Adjusted,8.544894
2021-03-22,0992.HK,Adjusted,8.710814
2021-03-23,0992.HK,Adjusted,8.941258
2021-03-24,0992.HK,Adjusted,8.959695
2021-03-25,0992.HK,Adjusted,8.913605
2021-03-26,0992.HK,Adjusted,9.254663
2021-03-29,0992.HK,Adjusted,9.254663
2021-03-30,0992.HK,Adjusted,10.39767
2021-03-31,0992.HK,Adjusted,10.194879
2021-01-04,0992.HK,Close,7.62
2021-01-05,0992.HK,Close,7.63
2021-01-06,0992.HK,Close,7.48
2021-01-07,0992.HK,Close,7.56
2021-01-08,0992.HK,Close,7.91
2021-01-11,0992.HK,Close,7.39
2021-01-12,0992.HK,Close,8.05
2021-01-13,0992.HK,Close,8.83
2021-01-14,0992.HK,Close,8.82
2021-01-15,0992.HK,Close,8.8
2021-01-18,0992.HK,Close,9.18
2021-01-19,0992.HK,Close,9.31
2021-01-20,0992.HK,Close,9.05
2021-01-21,0992.HK,Close,9.22
2021-01-22,0992.HK,Close,9.27
2021-01-25,0992.HK,Close,9.75
2021-01-26,0992.HK,Close,9.9
2021-01-27,0992.HK,Close,9.79
2021-01-28,0992.HK,Close,9.44
2021-01-29,0992.HK,Close,9.13
2021-02-01,0992.HK,Close,9.68
2021-02-02,0992.HK,Close,9.71
2021-02-03,0992.HK,Close,10.16
2021-02-04,0992.HK,Close,9.84
2021-02-05,0992.HK,Close,9.86
2021-02-08,0992.HK,Close,9.75
2021-02-09,0992.HK,Close,10.18
2021-02-10,0992.HK,Close,10.06
2021-02-11,0992.HK,Close,10
2021-02-12,0992.HK,Close,10
2021-02-16,0992.HK,Close,10.3
2021-02-17,0992.HK,Close,10.66
2021-02-18,0992.HK,Close,10.68
2021-02-19,0992.HK,Close,10.72
2021-02-22,0992.HK,Close,10.04
2021-02-23,0992.HK,Close,10.18
2021-02-24,0992.HK,Close,10.04
2021-02-25,0992.HK,Close,10.26
2021-02-26,0992.HK,Close,9.81
2021-03-01,0992.HK,Close,10.28
2021-03-02,0992.HK,Close,10.3
2021-03-03,0992.HK,Close,10.42
2021-03-04,0992.HK,Close,9.96
2021-03-05,0992.HK,Close,9.98
2021-03-08,0992.HK,Close,9.77
2021-03-09,0992.HK,Close,9.64
2021-03-10,0992.HK,Close,9.97
2021-03-11,0992.HK,Close,10.34
2021-03-12,0992.HK,Close,9.81
2021-03-15,0992.HK,Close,9.12
2021-03-16,0992.HK,Close,9.08
2021-03-17,0992.HK,Close,8.91
2021-03-18,0992.HK,Close,9.28
2021-03-19,0992.HK,Close,9.27
2021-03-22,0992.HK,Close,9.45
2021-03-23,0992.HK,Close,9.7
2021-03-24,0992.HK,Close,9.72
2021-03-25,0992.HK,Close,9.67
2021-03-26,0992.HK,Close,10.04
2021-03-29,0992.HK,Close,10.04
2021-03-30,0992.HK,Close,11.28
2021-03-31,0992.HK,Close,11.06
2021-01-04,0992.HK,High,7.68
2021-01-05,0992.HK,High,7.68
2021-01-06,0992.HK,High,7.67
2021-01-07,0992.HK,High,7.73
2021-01-08,0992.HK,High,7.95
2021-01-11,0992.HK,High,8.04
2021-01-12,0992.HK,High,8.12
2021-01-13,0992.HK,High,9.42
2021-01-14,0992.HK,High,9.09
2021-01-15,0992.HK,High,8.94
2021-01-18,0992.HK,High,9.4
2021-01-19,0992.HK,High,9.49
2021-01-20,0992.HK,High,9.27
2021-01-21,0992.HK,High,9.56
2021-01-22,0992.HK,High,9.52
2021-01-25,0992.HK,High,9.87
2021-01-26,0992.HK,High,10.08
2021-01-27,0992.HK,High,10.04
2021-01-28,0992.HK,High,9.94
2021-01-29,0992.HK,High,9.5
2021-02-01,0992.HK,High,9.79
2021-02-02,0992.HK,High,10.16
2021-02-03,0992.HK,High,10.5
2021-02-04,0992.HK,High,10
2021-02-05,0992.HK,High,10.04
2021-02-08,0992.HK,High,10.08
2021-02-09,0992.HK,High,10.18
2021-02-10,0992.HK,High,10.42
2021-02-11,0992.HK,High,10
2021-02-12,0992.HK,High,10
2021-02-16,0992.HK,High,10.4
2021-02-17,0992.HK,High,10.76
2021-02-18,0992.HK,High,11.12
2021-02-19,0992.HK,High,10.72
2021-02-22,0992.HK,High,10.72
2021-02-23,0992.HK,High,10.48
2021-02-24,0992.HK,High,10.34
2021-02-25,0992.HK,High,10.46
2021-02-26,0992.HK,High,10.1
2021-03-01,0992.HK,High,10.4
2021-03-02,0992.HK,High,10.8
2021-03-03,0992.HK,High,10.54
2021-03-04,0992.HK,High,10.4
2021-03-05,0992.HK,High,10.06
2021-03-08,0992.HK,High,10.1
2021-03-09,0992.HK,High,10
2021-03-10,0992.HK,High,10.12
2021-03-11,0992.HK,High,10.5
2021-03-12,0992.HK,High,10.4
2021-03-15,0992.HK,High,9.94
2021-03-16,0992.HK,High,9.26
2021-03-17,0992.HK,High,9.15
2021-03-18,0992.HK,High,9.31
2021-03-19,0992.HK,High,9.32
2021-03-22,0992.HK,High,9.56
2021-03-23,0992.HK,High,9.78
2021-03-24,0992.HK,High,9.83
2021-03-25,0992.HK,High,9.72
2021-03-26,0992.HK,High,10.16
2021-03-29,0992.HK,High,10.16
2021-03-30,0992.HK,High,11.36
2021-03-31,0992.HK,High,11.6
2021-01-04,0992.HK,Low,7.18
2021-01-05,0992.HK,Low,7.33
2021-01-06,0992.HK,Low,7.42
2021-01-07,0992.HK,Low,7.3
2021-01-08,0992.HK,Low,7.52
2021-01-11,0992.HK,Low,7.28
2021-01-12,0992.HK,Low,7.51
2021-01-13,0992.HK,Low,8.83
2021-01-14,0992.HK,Low,8.41
2021-01-15,0992.HK,Low,8.6
2021-01-18,0992.HK,Low,8.63
2021-01-19,0992.HK,Low,9.13
2021-01-20,0992.HK,Low,8.91
2021-01-21,0992.HK,Low,9
2021-01-22,0992.HK,Low,9.11
2021-01-25,0992.HK,Low,9.33
2021-01-26,0992.HK,Low,9.6
2021-01-27,0992.HK,Low,9.35
2021-01-28,0992.HK,Low,9.37
2021-01-29,0992.HK,Low,8.94
2021-02-01,0992.HK,Low,9.04
2021-02-02,0992.HK,Low,9.7
2021-02-03,0992.HK,Low,9.62
2021-02-04,0992.HK,Low,9.41
2021-02-05,0992.HK,Low,9.59
2021-02-08,0992.HK,Low,9.57
2021-02-09,0992.HK,Low,9.67
2021-02-10,0992.HK,Low,9.99
2021-02-11,0992.HK,Low,10
2021-02-12,0992.HK,Low,10
2021-02-16,0992.HK,Low,10.14
2021-02-17,0992.HK,Low,10.14
2021-02-18,0992.HK,Low,10.68
2021-02-19,0992.HK,Low,10.28
2021-02-22,0992.HK,Low,10.04
2021-02-23,0992.HK,Low,9.9
2021-02-24,0992.HK,Low,9.76
2021-02-25,0992.HK,Low,10.04
2021-02-26,0992.HK,Low,9.72
2021-03-01,0992.HK,Low,9.88
2021-03-02,0992.HK,Low,10.24
2021-03-03,0992.HK,Low,10.22
2021-03-04,0992.HK,Low,9.94
2021-03-05,0992.HK,Low,9.3
2021-03-08,0992.HK,Low,9.67
2021-03-09,0992.HK,Low,9.44
2021-03-10,0992.HK,Low,9.7
2021-03-11,0992.HK,Low,9.86
2021-03-12,0992.HK,Low,9.69
2021-03-15,0992.HK,Low,9.08
2021-03-16,0992.HK,Low,8.8
2021-03-17,0992.HK,Low,8.65
2021-03-18,0992.HK,Low,9
2021-03-19,0992.HK,Low,9.02
2021-03-22,0992.HK,Low,9.17
2021-03-23,0992.HK,Low,9.47
2021-03-24,0992.HK,Low,9.57
2021-03-25,0992.HK,Low,9.3
2021-03-26,0992.HK,Low,9.65
2021-03-29,0992.HK,Low,9.87
2021-03-30,0992.HK,Low,10.02
2021-03-31,0992.HK,Low,10.96
2021-01-04,0992.HK,Open,7.18
2021-01-05,0992.HK,Open,7.48
2021-01-06,0992.HK,Open,7.5
2021-01-07,0992.HK,Open,7.46
2021-01-08,0992.HK,Open,7.56
2021-01-11,0992.HK,Open,7.78
2021-01-12,0992.HK,Open,7.51
2021-01-13,0992.HK,Open,9.25
2021-01-14,0992.HK,Open,8.75
2021-01-15,0992.HK,Open,8.65
2021-01-18,0992.HK,Open,8.63
2021-01-19,0992.HK,Open,9.25
2021-01-20,0992.HK,Open,9.18
2021-01-21,0992.HK,Open,9.14
2021-01-22,0992.HK,Open,9.13
2021-01-25,0992.HK,Open,9.35
2021-01-26,0992.HK,Open,9.6
2021-01-27,0992.HK,Open,9.9
2021-01-28,0992.HK,Open,9.62
2021-01-29,0992.HK,Open,9.32
2021-02-01,0992.HK,Open,9.04
2021-02-02,0992.HK,Open,9.86
2021-02-03,0992.HK,Open,9.74
2021-02-04,0992.HK,Open,9.83
2021-02-05,0992.HK,Open,9.6
2021-02-08,0992.HK,Open,9.86
2021-02-09,0992.HK,Open,9.7
2021-02-10,0992.HK,Open,10.06
2021-02-11,0992.HK,Open,10
2021-02-12,0992.HK,Open,10
2021-02-16,0992.HK,Open,10.22
2021-02-17,0992.HK,Open,10.28
2021-02-18,0992.HK,Open,10.7
2021-02-19,0992.HK,Open,10.6
2021-02-22,0992.HK,Open,10.72
2021-02-23,0992.HK,Open,9.99
2021-02-24,0992.HK,Open,10.3
2021-02-25,0992.HK,Open,10.3
2021-02-26,0992.HK,Open,9.94
2021-03-01,0992.HK,Open,10.04
2021-03-02,0992.HK,Open,10.5
2021-03-03,0992.HK,Open,10.3
2021-03-04,0992.HK,Open,10.2
2021-03-05,0992.HK,Open,9.77
2021-03-08,0992.HK,Open,10.08
2021-03-09,0992.HK,Open,9.79
2021-03-10,0992.HK,Open,9.85
2021-03-11,0992.HK,Open,9.86
2021-03-12,0992.HK,Open,10.32
2021-03-15,0992.HK,Open,9.8
2021-03-16,0992.HK,Open,9.15
2021-03-17,0992.HK,Open,9.08
2021-03-18,0992.HK,Open,9
2021-03-19,0992.HK,Open,9.17
2021-03-22,0992.HK,Open,9.27
2021-03-23,0992.HK,Open,9.57
2021-03-24,0992.HK,Open,9.61
2021-03-25,0992.HK,Open,9.72
2021-03-26,0992.HK,Open,9.74
2021-03-29,0992.HK,Open,9.99
2021-03-30,0992.HK,Open,10.04
2021-03-31,0992.HK,Open,11.16
2021-01-04,0992.HK,Volume,83611650
2021-01-05,0992.HK,Volume,54929799
2021-01-06,0992.HK,Volume,74271331
2021-01-07,0992.HK,Volume,84604245
2021-01-08,0992.HK,Volume,86075192
2021-01-11,0992.HK,Volume,102371633
2021-01-12,0992.HK,Volume,79414541
2021-01-13,0992.HK,Volume,197884127
2021-01-14,0992.HK,Volume,109982524
2021-01-15,0992.HK,Volume,80422292
2021-01-18,0992.HK,Volume,91118563
2021-01-19,0992.HK,Volume,96550807
2021-01-20,0992.HK,Volume,94292124
2021-01-21,0992.HK,Volume,94477124
2021-01-22,0992.HK,Volume,81654255
2021-01-25,0992.HK,Volume,73542509
2021-01-26,0992.HK,Volume,97691196
2021-01-27,0992.HK,Volume,85212478
2021-01-28,0992.HK,Volume,102037047
2021-01-29,0992.HK,Volume,152757640
2021-02-01,0992.HK,Volume,89270360
2021-02-02,0992.HK,Volume,79700143
2021-02-03,0992.HK,Volume,185967050
2021-02-04,0992.HK,Volume,151264162
2021-02-05,0992.HK,Volume,95283438
2021-02-08,0992.HK,Volume,93966987
2021-02-09,0992.HK,Volume,73408512
2021-02-10,0992.HK,Volume,112247074
2021-02-11,0992.HK,Volume,0
2021-02-12,0992.HK,Volume,0
2021-02-16,0992.HK,Volume,48745087
2021-02-17,0992.HK,Volume,91993205
2021-02-18,0992.HK,Volume,107716602
2021-02-19,0992.HK,Volume,85765697
2021-02-22,0992.HK,Volume,94476970
2021-02-23,0992.HK,Volume,88294485
2021-02-24,0992.HK,Volume,116854253
2021-02-25,0992.HK,Volume,60498562
2021-02-26,0992.HK,Volume,131866599
2021-03-01,0992.HK,Volume,59830565
2021-03-02,0992.HK,Volume,56868864
2021-03-03,0992.HK,Volume,40605892
2021-03-04,0992.HK,Volume,68620795
2021-03-05,0992.HK,Volume,81049108
2021-03-08,0992.HK,Volume,100672551
2021-03-09,0992.HK,Volume,98591427
2021-03-10,0992.HK,Volume,80373221
2021-03-11,0992.HK,Volume,84194484
2021-03-12,0992.HK,Volume,179149010
2021-03-15,0992.HK,Volume,120183953
2021-03-16,0992.HK,Volume,69550997
2021-03-17,0992.HK,Volume,146016633
2021-03-18,0992.HK,Volume,132973809
2021-03-19,0992.HK,Volume,115768221
2021-03-22,0992.HK,Volume,68422263
2021-03-23,0992.HK,Volume,98604636
2021-03-24,0992.HK,Volume,75576844
2021-03-25,0992.HK,Volume,111896231
2021-03-26,0992.HK,Volume,90423078
2021-03-29,0992.HK,Volume,87564925
2021-03-30,0992.HK,Volume,185333431
2021-03-31,0992.HK,Volume,129020463
2021-01-04,2357.TW,Adjusted,201.808319
2021-01-05,2357.TW,Adjusted,203.416351
2021-01-06,2357.TW,Adjusted,204.220367
2021-01-07,2357.TW,Adjusted,210.250488
2021-01-08,2357.TW,Adjusted,224.722809
2021-01-11,2357.TW,Adjusted,227.938873
2021-01-12,2357.TW,Adjusted,225.928833
2021-01-13,2357.TW,Adjusted,231.958969
2021-01-14,2357.TW,Adjusted,231.556946
2021-01-15,2357.TW,Adjusted,230.75293
2021-01-18,2357.TW,Adjusted,227.53685
2021-01-19,2357.TW,Adjusted,229.144897
2021-01-20,2357.TW,Adjusted,221.908752
2021-01-21,2357.TW,Adjusted,226.732849
2021-01-22,2357.TW,Adjusted,228.742905
2021-01-25,2357.TW,Adjusted,233.164993
2021-01-26,2357.TW,Adjusted,228.340881
2021-01-27,2357.TW,Adjusted,235.577042
2021-01-28,2357.TW,Adjusted,231.958969
2021-01-29,2357.TW,Adjusted,230.350922
2021-02-01,2357.TW,Adjusted,227.938873
2021-02-02,2357.TW,Adjusted,229.546906
2021-02-03,2357.TW,Adjusted,231.958969
2021-02-04,2357.TW,Adjusted,230.75293
2021-02-05,2357.TW,Adjusted,231.958969
2021-02-08,2357.TW,Adjusted,231.958969
2021-02-09,2357.TW,Adjusted,231.958969
2021-02-10,2357.TW,Adjusted,231.958969
2021-02-11,2357.TW,Adjusted,231.958969
2021-02-12,2357.TW,Adjusted,231.958969
2021-02-16,2357.TW,Adjusted,231.958969
2021-02-17,2357.TW,Adjusted,232.76297
2021-02-18,2357.TW,Adjusted,232.360977
2021-02-19,2357.TW,Adjusted,233.164993
2021-02-22,2357.TW,Adjusted,233.164993
2021-02-23,2357.TW,Adjusted,233.567001
2021-02-24,2357.TW,Adjusted,241.607162
2021-02-25,2357.TW,Adjusted,245.627243
2021-02-26,2357.TW,Adjusted,244.421219
2021-03-01,2357.TW,Adjusted,244.421219
2021-03-02,2357.TW,Adjusted,247.235291
2021-03-03,2357.TW,Adjusted,254.471436
2021-03-04,2357.TW,Adjusted,252.059387
2021-03-05,2357.TW,Adjusted,250.049347
2021-03-08,2357.TW,Adjusted,253.667435
2021-03-09,2357.TW,Adjusted,251.657394
2021-03-10,2357.TW,Adjusted,251.255371
2021-03-11,2357.TW,Adjusted,255.275452
2021-03-12,2357.TW,Adjusted,260.099548
2021-03-15,2357.TW,Adjusted,262.109589
2021-03-16,2357.TW,Adjusted,266.1297
2021-03-17,2357.TW,Adjusted,261.707611
2021-03-18,2357.TW,Adjusted,287.838165
2021-03-19,2357.TW,Adjusted,303.516479
2021-03-22,2357.TW,Adjusted,296.280334
2021-03-23,2357.TW,Adjusted,293.868286
2021-03-24,2357.TW,Adjusted,294.270294
2021-03-25,2357.TW,Adjusted,293.466278
2021-03-26,2357.TW,Adjusted,293.466278
2021-03-29,2357.TW,Adjusted,300.702423
2021-03-30,2357.TW,Adjusted,303.114471
2021-03-31,2357.TW,Adjusted,299.496399
2021-01-04,2357.TW,Close,251
2021-01-05,2357.TW,Close,253
2021-01-06,2357.TW,Close,254
2021-01-07,2357.TW,Close,261.5
2021-01-08,2357.TW,Close,279.5
2021-01-11,2357.TW,Close,283.5
2021-01-12,2357.TW,Close,281
2021-01-13,2357.TW,Close,288.5
2021-01-14,2357.TW,Close,288
2021-01-15,2357.TW,Close,287
2021-01-18,2357.TW,Close,283
2021-01-19,2357.TW,Close,285
2021-01-20,2357.TW,Close,276
2021-01-21,2357.TW,Close,282
2021-01-22,2357.TW,Close,284.5
2021-01-25,2357.TW,Close,290
2021-01-26,2357.TW,Close,284
2021-01-27,2357.TW,Close,293
2021-01-28,2357.TW,Close,288.5
2021-01-29,2357.TW,Close,286.5
2021-02-01,2357.TW,Close,283.5
2021-02-02,2357.TW,Close,285.5
2021-02-03,2357.TW,Close,288.5
2021-02-04,2357.TW,Close,287
2021-02-05,2357.TW,Close,288.5
2021-02-08,2357.TW,Close,288.5
2021-02-09,2357.TW,Close,288.5
2021-02-10,2357.TW,Close,288.5
2021-02-11,2357.TW,Close,288.5
2021-02-12,2357.TW,Close,288.5
2021-02-16,2357.TW,Close,288.5
2021-02-17,2357.TW,Close,289.5
2021-02-18,2357.TW,Close,289
2021-02-19,2357.TW,Close,290
2021-02-22,2357.TW,Close,290
2021-02-23,2357.TW,Close,290.5
2021-02-24,2357.TW,Close,300.5
2021-02-25,2357.TW,Close,305.5
2021-02-26,2357.TW,Close,304
2021-03-01,2357.TW,Close,304
2021-03-02,2357.TW,Close,307.5
2021-03-03,2357.TW,Close,316.5
2021-03-04,2357.TW,Close,313.5
2021-03-05,2357.TW,Close,311
2021-03-08,2357.TW,Close,315.5
2021-03-09,2357.TW,Close,313
2021-03-10,2357.TW,Close,312.5
2021-03-11,2357.TW,Close,317.5
2021-03-12,2357.TW,Close,323.5
2021-03-15,2357.TW,Close,326
2021-03-16,2357.TW,Close,331
2021-03-17,2357.TW,Close,325.5
2021-03-18,2357.TW,Close,358
2021-03-19,2357.TW,Close,377.5
2021-03-22,2357.TW,Close,368.5
2021-03-23,2357.TW,Close,365.5
2021-03-24,2357.TW,Close,366
2021-03-25,2357.TW,Close,365
2021-03-26,2357.TW,Close,365
2021-03-29,2357.TW,Close,374
2021-03-30,2357.TW,Close,377
2021-03-31,2357.TW,Close,372.5
2021-01-04,2357.TW,High,252.5
2021-01-05,2357.TW,High,253
2021-01-06,2357.TW,High,255
2021-01-07,2357.TW,High,265.5
2021-01-08,2357.TW,High,280
2021-01-11,2357.TW,High,287.5
2021-01-12,2357.TW,High,287
2021-01-13,2357.TW,High,295
2021-01-14,2357.TW,High,291.5
2021-01-15,2357.TW,High,291.5
2021-01-18,2357.TW,High,286
2021-01-19,2357.TW,High,285
2021-01-20,2357.TW,High,285
2021-01-21,2357.TW,High,282
2021-01-22,2357.TW,High,288.5
2021-01-25,2357.TW,High,291.5
2021-01-26,2357.TW,High,292.5
2021-01-27,2357.TW,High,294
2021-01-28,2357.TW,High,291.5
2021-01-29,2357.TW,High,291
2021-02-01,2357.TW,High,285
2021-02-02,2357.TW,High,287.5
2021-02-03,2357.TW,High,291
2021-02-04,2357.TW,High,290
2021-02-05,2357.TW,High,290
2021-02-08,2357.TW,High,290
2021-02-09,2357.TW,High,290
2021-02-10,2357.TW,High,290
2021-02-11,2357.TW,High,290
2021-02-12,2357.TW,High,290
2021-02-16,2357.TW,High,290
2021-02-17,2357.TW,High,295
2021-02-18,2357.TW,High,290.5
2021-02-19,2357.TW,High,292.5
2021-02-22,2357.TW,High,295
2021-02-23,2357.TW,High,291.5
2021-02-24,2357.TW,High,309.5
2021-02-25,2357.TW,High,311
2021-02-26,2357.TW,High,307.5
2021-03-01,2357.TW,High,307.5
2021-03-02,2357.TW,High,315
2021-03-03,2357.TW,High,317.5
2021-03-04,2357.TW,High,316.5
2021-03-05,2357.TW,High,311.5
2021-03-08,2357.TW,High,319.5
2021-03-09,2357.TW,High,318.5
2021-03-10,2357.TW,High,316.5
2021-03-11,2357.TW,High,319.5
2021-03-12,2357.TW,High,326.5
2021-03-15,2357.TW,High,328
2021-03-16,2357.TW,High,338
2021-03-17,2357.TW,High,332.5
2021-03-18,2357.TW,High,358
2021-03-19,2357.TW,High,386
2021-03-22,2357.TW,High,382
2021-03-23,2357.TW,High,373
2021-03-24,2357.TW,High,377
2021-03-25,2357.TW,High,368.5
2021-03-26,2357.TW,High,368
2021-03-29,2357.TW,High,375
2021-03-30,2357.TW,High,379.5
2021-03-31,2357.TW,High,377.5
2021-01-04,2357.TW,Low,250
2021-01-05,2357.TW,Low,250.5
2021-01-06,2357.TW,Low,250
2021-01-07,2357.TW,Low,252.5
2021-01-08,2357.TW,Low,264.5
2021-01-11,2357.TW,Low,279
2021-01-12,2357.TW,Low,280
2021-01-13,2357.TW,Low,283
2021-01-14,2357.TW,Low,284.5
2021-01-15,2357.TW,Low,283.5
2021-01-18,2357.TW,Low,279
2021-01-19,2357.TW,Low,282
2021-01-20,2357.TW,Low,275
2021-01-21,2357.TW,Low,277.5
2021-01-22,2357.TW,Low,280
2021-01-25,2357.TW,Low,282
2021-01-26,2357.TW,Low,284
2021-01-27,2357.TW,Low,287
2021-01-28,2357.TW,Low,285.5
2021-01-29,2357.TW,Low,284
2021-02-01,2357.TW,Low,280.5
2021-02-02,2357.TW,Low,283.5
2021-02-03,2357.TW,Low,285
2021-02-04,2357.TW,Low,287
2021-02-05,2357.TW,Low,287
2021-02-08,2357.TW,Low,287
2021-02-09,2357.TW,Low,287
2021-02-10,2357.TW,Low,287
2021-02-11,2357.TW,Low,287
2021-02-12,2357.TW,Low,287
2021-02-16,2357.TW,Low,287
2021-02-17,2357.TW,Low,289
2021-02-18,2357.TW,Low,287
2021-02-19,2357.TW,Low,288.5
2021-02-22,2357.TW,Low,290
2021-02-23,2357.TW,Low,288.5
2021-02-24,2357.TW,Low,291
2021-02-25,2357.TW,Low,301
2021-02-26,2357.TW,Low,299
2021-03-01,2357.TW,Low,299
2021-03-02,2357.TW,Low,307
2021-03-03,2357.TW,Low,306
2021-03-04,2357.TW,Low,309
2021-03-05,2357.TW,Low,307
2021-03-08,2357.TW,Low,312
2021-03-09,2357.TW,Low,309
2021-03-10,2357.TW,Low,312
2021-03-11,2357.TW,Low,314.5
2021-03-12,2357.TW,Low,316.5
2021-03-15,2357.TW,Low,319
2021-03-16,2357.TW,Low,329
2021-03-17,2357.TW,Low,322
2021-03-18,2357.TW,Low,355
2021-03-19,2357.TW,Low,360
2021-03-22,2357.TW,Low,368
2021-03-23,2357.TW,Low,365
2021-03-24,2357.TW,Low,365
2021-03-25,2357.TW,Low,362
2021-03-26,2357.TW,Low,363.5
2021-03-29,2357.TW,Low,364
2021-03-30,2357.TW,Low,374
2021-03-31,2357.TW,Low,372
2021-01-04,2357.TW,Open,250.5
2021-01-05,2357.TW,Open,251
2021-01-06,2357.TW,Open,254
2021-01-07,2357.TW,Open,255
2021-01-08,2357.TW,Open,265
2021-01-11,2357.TW,Open,282.5
2021-01-12,2357.TW,Open,285
2021-01-13,2357.TW,Open,285
2021-01-14,2357.TW,Open,289.5
2021-01-15,2357.TW,Open,289
2021-01-18,2357.TW,Open,286
2021-01-19,2357.TW,Open,283
2021-01-20,2357.TW,Open,284
2021-01-21,2357.TW,Open,278
2021-01-22,2357.TW,Open,282
2021-01-25,2357.TW,Open,284.5
2021-01-26,2357.TW,Open,291
2021-01-27,2357.TW,Open,287
2021-01-28,2357.TW,Open,288
2021-01-29,2357.TW,Open,289.5
2021-02-01,2357.TW,Open,285
2021-02-02,2357.TW,Open,285
2021-02-03,2357.TW,Open,288.5
2021-02-04,2357.TW,Open,288.5
2021-02-05,2357.TW,Open,289.5
2021-02-08,2357.TW,Open,289.5
2021-02-09,2357.TW,Open,289.5
2021-02-10,2357.TW,Open,289.5
2021-02-11,2357.TW,Open,289.5
2021-02-12,2357.TW,Open,289.5
2021-02-16,2357.TW,Open,289.5
2021-02-17,2357.TW,Open,294
2021-02-18,2357.TW,Open,289.5
2021-02-19,2357.TW,Open,289.5
2021-02-22,2357.TW,Open,291.5
2021-02-23,2357.TW,Open,290
2021-02-24,2357.TW,Open,291
2021-02-25,2357.TW,Open,308.5
2021-02-26,2357.TW,Open,300.5
2021-03-01,2357.TW,Open,300.5
2021-03-02,2357.TW,Open,310
2021-03-03,2357.TW,Open,311
2021-03-04,2357.TW,Open,315
2021-03-05,2357.TW,Open,309
2021-03-08,2357.TW,Open,312
2021-03-09,2357.TW,Open,318.5
2021-03-10,2357.TW,Open,316
2021-03-11,2357.TW,Open,315
2021-03-12,2357.TW,Open,319
2021-03-15,2357.TW,Open,322.5
2021-03-16,2357.TW,Open,329.5
2021-03-17,2357.TW,Open,331
2021-03-18,2357.TW,Open,358
2021-03-19,2357.TW,Open,368
2021-03-22,2357.TW,Open,382
2021-03-23,2357.TW,Open,373
2021-03-24,2357.TW,Open,366.5
2021-03-25,2357.TW,Open,367
2021-03-26,2357.TW,Open,366.5
2021-03-29,2357.TW,Open,366.5
2021-03-30,2357.TW,Open,377
2021-03-31,2357.TW,Open,377
2021-01-04,2357.TW,Volume,1531749
2021-01-05,2357.TW,Volume,1951835
2021-01-06,2357.TW,Volume,2984653
2021-01-07,2357.TW,Volume,7274739
2021-01-08,2357.TW,Volume,11062445
2021-01-11,2357.TW,Volume,6315052
2021-01-12,2357.TW,Volume,5002981
2021-01-13,2357.TW,Volume,6375090
2021-01-14,2357.TW,Volume,4895819
2021-01-15,2357.TW,Volume,4334120
2021-01-18,2357.TW,Volume,3271007
2021-01-19,2357.TW,Volume,2671114
2021-01-20,2357.TW,Volume,4781170
2021-01-21,2357.TW,Volume,3610802
2021-01-22,2357.TW,Volume,4410983
2021-01-25,2357.TW,Volume,5231348
2021-01-26,2357.TW,Volume,3685064
2021-01-27,2357.TW,Volume,6288355
2021-01-28,2357.TW,Volume,3658600
2021-01-29,2357.TW,Volume,3775896
2021-02-01,2357.TW,Volume,2111191
2021-02-02,2357.TW,Volume,3387713
2021-02-03,2357.TW,Volume,3497993
2021-02-04,2357.TW,Volume,2036209
2021-02-05,2357.TW,Volume,1343523
2021-02-08,2357.TW,Volume,1343523
2021-02-09,2357.TW,Volume,1343523
2021-02-10,2357.TW,Volume,1343523
2021-02-11,2357.TW,Volume,1343523
2021-02-12,2357.TW,Volume,1343523
2021-02-16,2357.TW,Volume,1343523
2021-02-17,2357.TW,Volume,5191787
2021-02-18,2357.TW,Volume,3506596
2021-02-19,2357.TW,Volume,2980292
2021-02-22,2357.TW,Volume,4613852
2021-02-23,2357.TW,Volume,3589534
2021-02-24,2357.TW,Volume,9921364
2021-02-25,2357.TW,Volume,5578897
2021-02-26,2357.TW,Volume,6592137
2021-03-01,2357.TW,Volume,6592137
2021-03-02,2357.TW,Volume,7414500
2021-03-03,2357.TW,Volume,5360155
2021-03-04,2357.TW,Volume,4942528
2021-03-05,2357.TW,Volume,3721495
2021-03-08,2357.TW,Volume,3875339
2021-03-09,2357.TW,Volume,3400830
2021-03-10,2357.TW,Volume,3114473
2021-03-11,2357.TW,Volume,4899739
2021-03-12,2357.TW,Volume,6153285
2021-03-15,2357.TW,Volume,3263518
2021-03-16,2357.TW,Volume,4816497
2021-03-17,2357.TW,Volume,4860266
2021-03-18,2357.TW,Volume,15912474
2021-03-19,2357.TW,Volume,24595161
2021-03-22,2357.TW,Volume,10145606
2021-03-23,2357.TW,Volume,4882067
2021-03-24,2357.TW,Volume,5020497
2021-03-25,2357.TW,Volume,3602197
2021-03-26,2357.TW,Volume,3851223
2021-03-29,2357.TW,Volume,4463345
2021-03-30,2357.TW,Volume,4093079
2021-03-31,2357.TW,Volume,3801377
2021-01-04,AAPL,Adjusted,127.874939
2021-01-05,AAPL,Adjusted,129.455978
2021-01-06,AAPL,Adjusted,125.098267
2021-01-07,AAPL,Adjusted,129.36705
2021-01-08,AAPL,Adjusted,130.483627
2021-01-11,AAPL,Adjusted,127.450027
2021-01-12,AAPL,Adjusted,127.272194
2021-01-13,AAPL,Adjusted,129.337402
2021-01-14,AAPL,Adjusted,127.38089
2021-01-15,AAPL,Adjusted,125.631866
2021-01-18,AAPL,Adjusted,125.631866
2021-01-19,AAPL,Adjusted,126.31369
2021-01-20,AAPL,Adjusted,130.463882
2021-01-21,AAPL,Adjusted,135.246475
2021-01-22,AAPL,Adjusted,137.420364
2021-01-25,AAPL,Adjusted,141.224686
2021-01-26,AAPL,Adjusted,141.461838
2021-01-27,AAPL,Adjusted,140.374878
2021-01-28,AAPL,Adjusted,135.463837
2021-01-29,AAPL,Adjusted,130.394714
2021-02-01,AAPL,Adjusted,132.548843
2021-02-02,AAPL,Adjusted,133.388763
2021-02-03,AAPL,Adjusted,132.351212
2021-02-04,AAPL,Adjusted,135.760284
2021-02-05,AAPL,Adjusted,135.339691
2021-02-08,AAPL,Adjusted,135.488144
2021-02-09,AAPL,Adjusted,134.597473
2021-02-10,AAPL,Adjusted,133.983917
2021-02-11,AAPL,Adjusted,133.726624
2021-02-12,AAPL,Adjusted,133.964111
2021-02-16,AAPL,Adjusted,131.806763
2021-02-17,AAPL,Adjusted,129.481171
2021-02-18,AAPL,Adjusted,128.362915
2021-02-19,AAPL,Adjusted,128.52124
2021-02-22,AAPL,Adjusted,124.691437
2021-02-23,AAPL,Adjusted,124.552895
2021-02-24,AAPL,Adjusted,124.048195
2021-02-25,AAPL,Adjusted,119.733475
2021-02-26,AAPL,Adjusted,120.000671
2021-03-01,AAPL,Adjusted,126.462852
2021-03-02,AAPL,Adjusted,123.820587
2021-03-03,AAPL,Adjusted,120.792366
2021-03-04,AAPL,Adjusted,118.882401
2021-03-05,AAPL,Adjusted,120.159004
2021-03-08,AAPL,Adjusted,115.151558
2021-03-09,AAPL,Adjusted,119.832436
2021-03-10,AAPL,Adjusted,118.733971
2021-03-11,AAPL,Adjusted,120.693398
2021-03-12,AAPL,Adjusted,119.773048
2021-03-15,AAPL,Adjusted,122.702316
2021-03-16,AAPL,Adjusted,124.265907
2021-03-17,AAPL,Adjusted,123.464325
2021-03-18,AAPL,Adjusted,119.278244
2021-03-19,AAPL,Adjusted,118.743851
2021-03-22,AAPL,Adjusted,122.108551
2021-03-23,AAPL,Adjusted,121.26738
2021-03-24,AAPL,Adjusted,118.842819
2021-03-25,AAPL,Adjusted,119.337616
2021-03-26,AAPL,Adjusted,119.951187
2021-03-29,AAPL,Adjusted,120.129311
2021-03-30,AAPL,Adjusted,118.6548
2021-03-31,AAPL,Adjusted,120.881432
2021-01-04,AAPL,Close,129.410004
2021-01-05,AAPL,Close,131.009995
2021-01-06,AAPL,Close,126.599998
2021-01-07,AAPL,Close,130.919998
2021-01-08,AAPL,Close,132.050003
2021-01-11,AAPL,Close,128.979996
2021-01-12,AAPL,Close,128.800003
2021-01-13,AAPL,Close,130.889999
2021-01-14,AAPL,Close,128.910004
2021-01-15,AAPL,Close,127.139999
2021-01-18,AAPL,Close,127.139999
2021-01-19,AAPL,Close,127.830002
2021-01-20,AAPL,Close,132.029999
2021-01-21,AAPL,Close,136.869995
2021-01-22,AAPL,Close,139.070007
2021-01-25,AAPL,Close,142.919998
2021-01-26,AAPL,Close,143.160004
2021-01-27,AAPL,Close,142.059998
2021-01-28,AAPL,Close,137.089996
2021-01-29,AAPL,Close,131.960007
2021-02-01,AAPL,Close,134.139999
2021-02-02,AAPL,Close,134.990005
2021-02-03,AAPL,Close,133.940002
2021-02-04,AAPL,Close,137.389999
2021-02-05,AAPL,Close,136.759995
2021-02-08,AAPL,Close,136.910004
2021-02-09,AAPL,Close,136.009995
2021-02-10,AAPL,Close,135.389999
2021-02-11,AAPL,Close,135.130005
2021-02-12,AAPL,Close,135.369995
2021-02-16,AAPL,Close,133.190002
2021-02-17,AAPL,Close,130.839996
2021-02-18,AAPL,Close,129.710007
2021-02-19,AAPL,Close,129.869995
2021-02-22,AAPL,Close,126
2021-02-23,AAPL,Close,125.860001
2021-02-24,AAPL,Close,125.349998
2021-02-25,AAPL,Close,120.989998
2021-02-26,AAPL,Close,121.260002
2021-03-01,AAPL,Close,127.790001
2021-03-02,AAPL,Close,125.120003
2021-03-03,AAPL,Close,122.059998
2021-03-04,AAPL,Close,120.129997
2021-03-05,AAPL,Close,121.419998
2021-03-08,AAPL,Close,116.360001
2021-03-09,AAPL,Close,121.089996
2021-03-10,AAPL,Close,119.980003
2021-03-11,AAPL,Close,121.959999
2021-03-12,AAPL,Close,121.029999
2021-03-15,AAPL,Close,123.989998
2021-03-16,AAPL,Close,125.57
2021-03-17,AAPL,Close,124.760002
2021-03-18,AAPL,Close,120.529999
2021-03-19,AAPL,Close,119.989998
2021-03-22,AAPL,Close,123.389999
2021-03-23,AAPL,Close,122.540001
2021-03-24,AAPL,Close,120.089996
2021-03-25,AAPL,Close,120.589996
2021-03-26,AAPL,Close,121.209999
2021-03-29,AAPL,Close,121.389999
2021-03-30,AAPL,Close,119.900002
2021-03-31,AAPL,Close,122.150002
2021-01-04,AAPL,High,133.610001
2021-01-05,AAPL,High,131.740005
2021-01-06,AAPL,High,131.050003
2021-01-07,AAPL,High,131.630005
2021-01-08,AAPL,High,132.630005
2021-01-11,AAPL,High,130.169998
2021-01-12,AAPL,High,129.690002
2021-01-13,AAPL,High,131.449997
2021-01-14,AAPL,High,131
2021-01-15,AAPL,High,130.220001
2021-01-18,AAPL,High,130.220001
2021-01-19,AAPL,High,128.710007
2021-01-20,AAPL,High,132.490005
2021-01-21,AAPL,High,139.669998
2021-01-22,AAPL,High,139.850006
2021-01-25,AAPL,High,145.089996
2021-01-26,AAPL,High,144.300003
2021-01-27,AAPL,High,144.300003
2021-01-28,AAPL,High,141.990005
2021-01-29,AAPL,High,136.740005
2021-02-01,AAPL,High,135.380005
2021-02-02,AAPL,High,136.309998
2021-02-03,AAPL,High,135.770004
2021-02-04,AAPL,High,137.399994
2021-02-05,AAPL,High,137.419998
2021-02-08,AAPL,High,136.960007
2021-02-09,AAPL,High,137.880005
2021-02-10,AAPL,High,136.990005
2021-02-11,AAPL,High,136.389999
2021-02-12,AAPL,High,135.529999
2021-02-16,AAPL,High,136.009995
2021-02-17,AAPL,High,132.220001
2021-02-18,AAPL,High,130
2021-02-19,AAPL,High,130.710007
2021-02-22,AAPL,High,129.720001
2021-02-23,AAPL,High,126.709999
2021-02-24,AAPL,High,125.559998
2021-02-25,AAPL,High,126.459999
2021-02-26,AAPL,High,124.849998
2021-03-01,AAPL,High,127.93
2021-03-02,AAPL,High,128.720001
2021-03-03,AAPL,High,125.709999
2021-03-04,AAPL,High,123.599998
2021-03-05,AAPL,High,121.940002
2021-03-08,AAPL,High,121
2021-03-09,AAPL,High,122.059998
2021-03-10,AAPL,High,122.169998
2021-03-11,AAPL,High,123.209999
2021-03-12,AAPL,High,121.169998
2021-03-15,AAPL,High,124
2021-03-16,AAPL,High,127.220001
2021-03-17,AAPL,High,125.860001
2021-03-18,AAPL,High,123.18
2021-03-19,AAPL,High,121.43
2021-03-22,AAPL,High,123.870003
2021-03-23,AAPL,High,124.239998
2021-03-24,AAPL,High,122.900002
2021-03-25,AAPL,High,121.660004
2021-03-26,AAPL,High,121.480003
2021-03-29,AAPL,High,122.580002
2021-03-30,AAPL,High,120.400002
2021-03-31,AAPL,High,123.519997
2021-01-04,AAPL,Low,126.760002
2021-01-05,AAPL,Low,128.429993
2021-01-06,AAPL,Low,126.379997
2021-01-07,AAPL,Low,127.860001
2021-01-08,AAPL,Low,130.229996
2021-01-11,AAPL,Low,128.5
2021-01-12,AAPL,Low,126.860001
2021-01-13,AAPL,Low,128.490005
2021-01-14,AAPL,Low,128.759995
2021-01-15,AAPL,Low,127
2021-01-18,AAPL,Low,127
2021-01-19,AAPL,Low,126.940002
2021-01-20,AAPL,Low,128.550003
2021-01-21,AAPL,Low,133.589996
2021-01-22,AAPL,Low,135.020004
2021-01-25,AAPL,Low,136.539993
2021-01-26,AAPL,Low,141.369995
2021-01-27,AAPL,Low,140.410004
2021-01-28,AAPL,Low,136.699997
2021-01-29,AAPL,Low,130.210007
2021-02-01,AAPL,Low,130.929993
2021-02-02,AAPL,Low,134.610001
2021-02-03,AAPL,Low,133.610001
2021-02-04,AAPL,Low,134.589996
2021-02-05,AAPL,Low,135.860001
2021-02-08,AAPL,Low,134.919998
2021-02-09,AAPL,Low,135.850006
2021-02-10,AAPL,Low,134.399994
2021-02-11,AAPL,Low,133.770004
2021-02-12,AAPL,Low,133.690002
2021-02-16,AAPL,Low,132.789993
2021-02-17,AAPL,Low,129.470001
2021-02-18,AAPL,Low,127.410004
2021-02-19,AAPL,Low,128.800003
2021-02-22,AAPL,Low,125.599998
2021-02-23,AAPL,Low,118.389999
2021-02-24,AAPL,Low,122.230003
2021-02-25,AAPL,Low,120.540001
2021-02-26,AAPL,Low,121.199997
2021-03-01,AAPL,Low,122.790001
2021-03-02,AAPL,Low,125.010002
2021-03-03,AAPL,Low,121.839996
2021-03-04,AAPL,Low,118.620003
2021-03-05,AAPL,Low,117.57
2021-03-08,AAPL,Low,116.209999
2021-03-09,AAPL,Low,118.790001
2021-03-10,AAPL,Low,119.449997
2021-03-11,AAPL,Low,121.260002
2021-03-12,AAPL,Low,119.160004
2021-03-15,AAPL,Low,120.419998
2021-03-16,AAPL,Low,124.720001
2021-03-17,AAPL,Low,122.339996
2021-03-18,AAPL,Low,120.32
2021-03-19,AAPL,Low,119.68
2021-03-22,AAPL,Low,120.260002
2021-03-23,AAPL,Low,122.139999
2021-03-24,AAPL,Low,120.07
2021-03-25,AAPL,Low,119
2021-03-26,AAPL,Low,118.919998
2021-03-29,AAPL,Low,120.730003
2021-03-30,AAPL,Low,118.860001
2021-03-31,AAPL,Low,121.150002
2021-01-04,AAPL,Open,133.520004
2021-01-05,AAPL,Open,128.889999
2021-01-06,AAPL,Open,127.720001
2021-01-07,AAPL,Open,128.360001
2021-01-08,AAPL,Open,132.429993
2021-01-11,AAPL,Open,129.190002
2021-01-12,AAPL,Open,128.5
2021-01-13,AAPL,Open,128.759995
2021-01-14,AAPL,Open,130.800003
2021-01-15,AAPL,Open,128.779999
2021-01-18,AAPL,Open,128.779999
2021-01-19,AAPL,Open,127.779999
2021-01-20,AAPL,Open,128.660004
2021-01-21,AAPL,Open,133.800003
2021-01-22,AAPL,Open,136.279999
2021-01-25,AAPL,Open,143.070007
2021-01-26,AAPL,Open,143.600006
2021-01-27,AAPL,Open,143.429993
2021-01-28,AAPL,Open,139.520004
2021-01-29,AAPL,Open,135.830002
2021-02-01,AAPL,Open,133.75
2021-02-02,AAPL,Open,135.729996
2021-02-03,AAPL,Open,135.759995
2021-02-04,AAPL,Open,136.300003
2021-02-05,AAPL,Open,137.350006
2021-02-08,AAPL,Open,136.029999
2021-02-09,AAPL,Open,136.619995
2021-02-10,AAPL,Open,136.479996
2021-02-11,AAPL,Open,135.899994
2021-02-12,AAPL,Open,134.350006
2021-02-16,AAPL,Open,135.490005
2021-02-17,AAPL,Open,131.25
2021-02-18,AAPL,Open,129.199997
2021-02-19,AAPL,Open,130.240005
2021-02-22,AAPL,Open,128.009995
2021-02-23,AAPL,Open,123.760002
2021-02-24,AAPL,Open,124.940002
2021-02-25,AAPL,Open,124.68
2021-02-26,AAPL,Open,122.589996
2021-03-01,AAPL,Open,123.75
2021-03-02,AAPL,Open,128.410004
2021-03-03,AAPL,Open,124.809998
2021-03-04,AAPL,Open,121.75
2021-03-05,AAPL,Open,120.980003
2021-03-08,AAPL,Open,120.93
2021-03-09,AAPL,Open,119.029999
2021-03-10,AAPL,Open,121.690002
2021-03-11,AAPL,Open,122.540001
2021-03-12,AAPL,Open,120.400002
2021-03-15,AAPL,Open,121.410004
2021-03-16,AAPL,Open,125.699997
2021-03-17,AAPL,Open,124.050003
2021-03-18,AAPL,Open,122.879997
2021-03-19,AAPL,Open,119.900002
2021-03-22,AAPL,Open,120.330002
2021-03-23,AAPL,Open,123.330002
2021-03-24,AAPL,Open,122.82
2021-03-25,AAPL,Open,119.540001
2021-03-26,AAPL,Open,120.349998
2021-03-29,AAPL,Open,121.650002
2021-03-30,AAPL,Open,120.110001
2021-03-31,AAPL,Open,121.650002
2021-01-04,AAPL,Volume,143301900
2021-01-05,AAPL,Volume,97664900
2021-01-06,AAPL,Volume,155088000
2021-01-07,AAPL,Volume,109578200
2021-01-08,AAPL,Volume,105158200
2021-01-11,AAPL,Volume,100384500
2021-01-12,AAPL,Volume,91951100
2021-01-13,AAPL,Volume,88636800
2021-01-14,AAPL,Volume,90221800
2021-01-15,AAPL,Volume,111598500
2021-01-18,AAPL,Volume,111598500
2021-01-19,AAPL,Volume,90757300
2021-01-20,AAPL,Volume,104319500
2021-01-21,AAPL,Volume,120150900
2021-01-22,AAPL,Volume,114459400
2021-01-25,AAPL,Volume,157611700
2021-01-26,AAPL,Volume,98390600
2021-01-27,AAPL,Volume,140843800
2021-01-28,AAPL,Volume,142621100
2021-01-29,AAPL,Volume,177523800
2021-02-01,AAPL,Volume,106239800
2021-02-02,AAPL,Volume,83305400
2021-02-03,AAPL,Volume,89880900
2021-02-04,AAPL,Volume,84183100
2021-02-05,AAPL,Volume,75693800
2021-02-08,AAPL,Volume,71297200
2021-02-09,AAPL,Volume,76774200
2021-02-10,AAPL,Volume,73046600
2021-02-11,AAPL,Volume,64280000
2021-02-12,AAPL,Volume,60145100
2021-02-16,AAPL,Volume,80576300
2021-02-17,AAPL,Volume,97918500
2021-02-18,AAPL,Volume,96856700
2021-02-19,AAPL,Volume,87668800
2021-02-22,AAPL,Volume,103916400
2021-02-23,AAPL,Volume,158273000
2021-02-24,AAPL,Volume,111039900
2021-02-25,AAPL,Volume,148199500
2021-02-26,AAPL,Volume,164560400
2021-03-01,AAPL,Volume,116307900
2021-03-02,AAPL,Volume,102260900
2021-03-03,AAPL,Volume,112966300
2021-03-04,AAPL,Volume,178155000
2021-03-05,AAPL,Volume,153766600
2021-03-08,AAPL,Volume,154376600
2021-03-09,AAPL,Volume,129525800
2021-03-10,AAPL,Volume,111943300
2021-03-11,AAPL,Volume,103026500
2021-03-12,AAPL,Volume,88105100
2021-03-15,AAPL,Volume,92403800
2021-03-16,AAPL,Volume,115227900
2021-03-17,AAPL,Volume,111932600
2021-03-18,AAPL,Volume,121229700
2021-03-19,AAPL,Volume,185549500
2021-03-22,AAPL,Volume,111912300
2021-03-23,AAPL,Volume,95467100
2021-03-24,AAPL,Volume,88530500
2021-03-25,AAPL,Volume,98844700
2021-03-26,AAPL,Volume,94071200
2021-03-29,AAPL,Volume,80819200
2021-03-30,AAPL,Volume,85671900
2021-03-31,AAPL,Volume,118323800
2021-01-04,ACER,Adjusted,2.54
2021-01-05,ACER,Adjusted,2.56
2021-01-06,ACER,Adjusted,2.48
2021-01-07,ACER,Adjusted,2.53
2021-01-08,ACER,Adjusted,2.49
2021-01-11,ACER,Adjusted,2.47
2021-01-12,ACER,Adjusted,2.58
2021-01-13,ACER,Adjusted,2.88
2021-01-14,ACER,Adjusted,2.86
2021-01-15,ACER,Adjusted,3.85
2021-01-18,ACER,Adjusted,3.85
2021-01-19,ACER,Adjusted,4.33
2021-01-20,ACER,Adjusted,3.86
2021-01-21,ACER,Adjusted,3.72
2021-01-22,ACER,Adjusted,3.67
2021-01-25,ACER,Adjusted,4.39
2021-01-26,ACER,Adjusted,3.95
2021-01-27,ACER,Adjusted,3.68
2021-01-28,ACER,Adjusted,3.79
2021-01-29,ACER,Adjusted,3.65
2021-02-01,ACER,Adjusted,3.64
2021-02-02,ACER,Adjusted,3.73
2021-02-03,ACER,Adjusted,3.89
2021-02-04,ACER,Adjusted,4.06
2021-02-05,ACER,Adjusted,3.99
2021-02-08,ACER,Adjusted,3.99
2021-02-09,ACER,Adjusted,3.87
2021-02-10,ACER,Adjusted,4.09
2021-02-11,ACER,Adjusted,3.99
2021-02-12,ACER,Adjusted,3.84
2021-02-16,ACER,Adjusted,3.81
2021-02-17,ACER,Adjusted,3.74
2021-02-18,ACER,Adjusted,3.5
2021-02-19,ACER,Adjusted,3.58
2021-02-22,ACER,Adjusted,3.32
2021-02-23,ACER,Adjusted,3.16
2021-02-24,ACER,Adjusted,3.35
2021-02-25,ACER,Adjusted,3.17
2021-02-26,ACER,Adjusted,3.15
2021-03-01,ACER,Adjusted,3.25
2021-03-02,ACER,Adjusted,3.19
2021-03-03,ACER,Adjusted,3.38
2021-03-04,ACER,Adjusted,2.85
2021-03-05,ACER,Adjusted,2.87
2021-03-08,ACER,Adjusted,2.83
2021-03-09,ACER,Adjusted,3.04
2021-03-10,ACER,Adjusted,3.13
2021-03-11,ACER,Adjusted,3.25
2021-03-12,ACER,Adjusted,3.41
2021-03-15,ACER,Adjusted,4.2
2021-03-16,ACER,Adjusted,3.6
2021-03-17,ACER,Adjusted,3.53
2021-03-18,ACER,Adjusted,3.44
2021-03-19,ACER,Adjusted,3.46
2021-03-22,ACER,Adjusted,3.9
2021-03-23,ACER,Adjusted,3.48
2021-03-24,ACER,Adjusted,3.19
2021-03-25,ACER,Adjusted,3.14
2021-03-26,ACER,Adjusted,2.98
2021-03-29,ACER,Adjusted,3.02
2021-03-30,ACER,Adjusted,2.98
2021-03-31,ACER,Adjusted,3.11
2021-01-04,ACER,Close,2.54
2021-01-05,ACER,Close,2.56
2021-01-06,ACER,Close,2.48
2021-01-07,ACER,Close,2.53
2021-01-08,ACER,Close,2.49
2021-01-11,ACER,Close,2.47
2021-01-12,ACER,Close,2.58
2021-01-13,ACER,Close,2.88
2021-01-14,ACER,Close,2.86
2021-01-15,ACER,Close,3.85
2021-01-18,ACER,Close,3.85
2021-01-19,ACER,Close,4.33
2021-01-20,ACER,Close,3.86
2021-01-21,ACER,Close,3.72
2021-01-22,ACER,Close,3.67
2021-01-25,ACER,Close,4.39
2021-01-26,ACER,Close,3.95
2021-01-27,ACER,Close,3.68
2021-01-28,ACER,Close,3.79
2021-01-29,ACER,Close,3.65
2021-02-01,ACER,Close,3.64
2021-02-02,ACER,Close,3.73
2021-02-03,ACER,Close,3.89
2021-02-04,ACER,Close,4.06
2021-02-05,ACER,Close,3.99
2021-02-08,ACER,Close,3.99
2021-02-09,ACER,Close,3.87
2021-02-10,ACER,Close,4.09
2021-02-11,ACER,Close,3.99
2021-02-12,ACER,Close,3.84
2021-02-16,ACER,Close,3.81
2021-02-17,ACER,Close,3.74
2021-02-18,ACER,Close,3.5
2021-02-19,ACER,Close,3.58
2021-02-22,ACER,Close,3.32
2021-02-23,ACER,Close,3.16
2021-02-24,ACER,Close,3.35
2021-02-25,ACER,Close,3.17
2021-02-26,ACER,Close,3.15
2021-03-01,ACER,Close,3.25
2021-03-02,ACER,Close,3.19
2021-03-03,ACER,Close,3.38
2021-03-04,ACER,Close,2.85
2021-03-05,ACER,Close,2.87
2021-03-08,ACER,Close,2.83
2021-03-09,ACER,Close,3.04
2021-03-10,ACER,Close,3.13
2021-03-11,ACER,Close,3.25
2021-03-12,ACER,Close,3.41
2021-03-15,ACER,Close,4.2
2021-03-16,ACER,Close,3.6
2021-03-17,ACER,Close,3.53
2021-03-18,ACER,Close,3.44
2021-03-19,ACER,Close,3.46
2021-03-22,ACER,Close,3.9
2021-03-23,ACER,Close,3.48
2021-03-24,ACER,Close,3.19
2021-03-25,ACER,Close,3.14
2021-03-26,ACER,Close,2.98
2021-03-29,ACER,Close,3.02
2021-03-30,ACER,Close,2.98
2021-03-31,ACER,Close,3.11
2021-01-04,ACER,High,2.65
2021-01-05,ACER,High,2.65
2021-01-06,ACER,High,2.64
2021-01-07,ACER,High,2.55
2021-01-08,ACER,High,2.52
2021-01-11,ACER,High,2.5
2021-01-12,ACER,High,2.74
2021-01-13,ACER,High,3.5
2021-01-14,ACER,High,2.96
2021-01-15,ACER,High,4.44
2021-01-18,ACER,High,4.44
2021-01-19,ACER,High,4.62
2021-01-20,ACER,High,4.3
2021-01-21,ACER,High,3.98
2021-01-22,ACER,High,3.81
2021-01-25,ACER,High,4.78
2021-01-26,ACER,High,4.43
2021-01-27,ACER,High,3.97
2021-01-28,ACER,High,3.87
2021-01-29,ACER,High,3.91
2021-02-01,ACER,High,3.72
2021-02-02,ACER,High,3.74
2021-02-03,ACER,High,4.3
2021-02-04,ACER,High,4.08
2021-02-05,ACER,High,4.1
2021-02-08,ACER,High,4.37
2021-02-09,ACER,High,4.08
2021-02-10,ACER,High,4.15
2021-02-11,ACER,High,4.59
2021-02-12,ACER,High,4.05
2021-02-16,ACER,High,3.97
2021-02-17,ACER,High,3.77
2021-02-18,ACER,High,3.79
2021-02-19,ACER,High,3.66
2021-02-22,ACER,High,3.57
2021-02-23,ACER,High,3.39
2021-02-24,ACER,High,3.41
2021-02-25,ACER,High,3.32
2021-02-26,ACER,High,3.27
2021-03-01,ACER,High,3.29
2021-03-02,ACER,High,3.5
2021-03-03,ACER,High,3.45
2021-03-04,ACER,High,3.4
2021-03-05,ACER,High,2.9
2021-03-08,ACER,High,3.05
2021-03-09,ACER,High,3.09
2021-03-10,ACER,High,3.22
2021-03-11,ACER,High,3.35
2021-03-12,ACER,High,3.45
2021-03-15,ACER,High,5.39
2021-03-16,ACER,High,3.93
2021-03-17,ACER,High,3.78
2021-03-18,ACER,High,3.59
2021-03-19,ACER,High,3.62
2021-03-22,ACER,High,4.4
2021-03-23,ACER,High,3.82
2021-03-24,ACER,High,3.63
2021-03-25,ACER,High,3.21
2021-03-26,ACER,High,3.18
2021-03-29,ACER,High,3.26
2021-03-30,ACER,High,3.01
2021-03-31,ACER,High,3.17
2021-01-04,ACER,Low,2.47
2021-01-05,ACER,Low,2.49
2021-01-06,ACER,Low,2.45
2021-01-07,ACER,Low,2.47
2021-01-08,ACER,Low,2.44
2021-01-11,ACER,Low,2.4
2021-01-12,ACER,Low,2.44
2021-01-13,ACER,Low,2.55
2021-01-14,ACER,Low,2.7
2021-01-15,ACER,Low,2.73
2021-01-18,ACER,Low,2.73
2021-01-19,ACER,Low,3.33
2021-01-20,ACER,Low,3.61
2021-01-21,ACER,Low,3.61
2021-01-22,ACER,Low,3.39
2021-01-25,ACER,Low,4.05
2021-01-26,ACER,Low,3.91
2021-01-27,ACER,Low,3.6
2021-01-28,ACER,Low,3.57
2021-01-29,ACER,Low,3.61
2021-02-01,ACER,Low,3.45
2021-02-02,ACER,Low,3.46
2021-02-03,ACER,Low,3.69
2021-02-04,ACER,Low,3.86
2021-02-05,ACER,Low,3.89
2021-02-08,ACER,Low,3.91
2021-02-09,ACER,Low,3.7
2021-02-10,ACER,Low,3.82
2021-02-11,ACER,Low,3.9
2021-02-12,ACER,Low,3.75
2021-02-16,ACER,Low,3.67
2021-02-17,ACER,Low,3.58
2021-02-18,ACER,Low,3.46
2021-02-19,ACER,Low,3.48
2021-02-22,ACER,Low,3.29
2021-02-23,ACER,Low,2.9
2021-02-24,ACER,Low,3.14
2021-02-25,ACER,Low,3.1
2021-02-26,ACER,Low,3
2021-03-01,ACER,Low,3.11
2021-03-02,ACER,Low,3.16
2021-03-03,ACER,Low,3.16
2021-03-04,ACER,Low,2.75
2021-03-05,ACER,Low,2.5
2021-03-08,ACER,Low,2.8
2021-03-09,ACER,Low,2.81
2021-03-10,ACER,Low,2.97
2021-03-11,ACER,Low,3.16
2021-03-12,ACER,Low,3.17
2021-03-15,ACER,Low,4
2021-03-16,ACER,Low,3.47
2021-03-17,ACER,Low,3.48
2021-03-18,ACER,Low,3.32
2021-03-19,ACER,Low,3.35
2021-03-22,ACER,Low,3.71
2021-03-23,ACER,Low,3.46
2021-03-24,ACER,Low,3.1
2021-03-25,ACER,Low,3.02
2021-03-26,ACER,Low,2.88
2021-03-29,ACER,Low,2.92
2021-03-30,ACER,Low,2.83
2021-03-31,ACER,Low,2.95
2021-01-04,ACER,Open,2.64
2021-01-05,ACER,Open,2.54
2021-01-06,ACER,Open,2.57
2021-01-07,ACER,Open,2.5
2021-01-08,ACER,Open,2.51
2021-01-11,ACER,Open,2.48
2021-01-12,ACER,Open,2.49
2021-01-13,ACER,Open,2.63
2021-01-14,ACER,Open,2.85
2021-01-15,ACER,Open,3.01
2021-01-18,ACER,Open,3.01
2021-01-19,ACER,Open,3.76
2021-01-20,ACER,Open,4.23
2021-01-21,ACER,Open,3.93
2021-01-22,ACER,Open,3.59
2021-01-25,ACER,Open,4.78
2021-01-26,ACER,Open,4.43
2021-01-27,ACER,Open,3.78
2021-01-28,ACER,Open,3.64
2021-01-29,ACER,Open,3.85
2021-02-01,ACER,Open,3.71
2021-02-02,ACER,Open,3.64
2021-02-03,ACER,Open,3.7
2021-02-04,ACER,Open,3.96
2021-02-05,ACER,Open,4.06
2021-02-08,ACER,Open,4.05
2021-02-09,ACER,Open,4.01
2021-02-10,ACER,Open,4
2021-02-11,ACER,Open,4.15
2021-02-12,ACER,Open,4
2021-02-16,ACER,Open,3.88
2021-02-17,ACER,Open,3.77
2021-02-18,ACER,Open,3.74
2021-02-19,ACER,Open,3.53
2021-02-22,ACER,Open,3.55
2021-02-23,ACER,Open,3.21
2021-02-24,ACER,Open,3.19
2021-02-25,ACER,Open,3.3
2021-02-26,ACER,Open,3.21
2021-03-01,ACER,Open,3.23
2021-03-02,ACER,Open,3.5
2021-03-03,ACER,Open,3.29
2021-03-04,ACER,Open,3.24
2021-03-05,ACER,Open,2.83
2021-03-08,ACER,Open,2.87
2021-03-09,ACER,Open,2.87
2021-03-10,ACER,Open,3.12
2021-03-11,ACER,Open,3.2
2021-03-12,ACER,Open,3.17
2021-03-15,ACER,Open,5.3
2021-03-16,ACER,Open,3.84
2021-03-17,ACER,Open,3.52
2021-03-18,ACER,Open,3.55
2021-03-19,ACER,Open,3.38
2021-03-22,ACER,Open,4.14
2021-03-23,ACER,Open,3.79
2021-03-24,ACER,Open,3.63
2021-03-25,ACER,Open,3.12
2021-03-26,ACER,Open,3.16
2021-03-29,ACER,Open,3.07
2021-03-30,ACER,Open,2.98
2021-03-31,ACER,Open,3.02
2021-01-04,ACER,Volume,126200
2021-01-05,ACER,Volume,183800
2021-01-06,ACER,Volume,166900
2021-01-07,ACER,Volume,123100
2021-01-08,ACER,Volume,196500
2021-01-11,ACER,Volume,174800
2021-01-12,ACER,Volume,1763100
2021-01-13,ACER,Volume,5231200
2021-01-14,ACER,Volume,720300
2021-01-15,ACER,Volume,19880400
2021-01-18,ACER,Volume,19880400
2021-01-19,ACER,Volume,4989400
2021-01-20,ACER,Volume,1400500
2021-01-21,ACER,Volume,659500
2021-01-22,ACER,Volume,591300
2021-01-25,ACER,Volume,2667100
2021-01-26,ACER,Volume,974400
2021-01-27,ACER,Volume,492600
2021-01-28,ACER,Volume,430200
2021-01-29,ACER,Volume,359800
2021-02-01,ACER,Volume,472700
2021-02-02,ACER,Volume,330700
2021-02-03,ACER,Volume,446000
2021-02-04,ACER,Volume,253100
2021-02-05,ACER,Volume,224400
2021-02-08,ACER,Volume,958700
2021-02-09,ACER,Volume,410000
2021-02-10,ACER,Volume,428000
2021-02-11,ACER,Volume,1170000
2021-02-12,ACER,Volume,359200
2021-02-16,ACER,Volume,436500
2021-02-17,ACER,Volume,197600
2021-02-18,ACER,Volume,220000
2021-02-19,ACER,Volume,104100
2021-02-22,ACER,Volume,160500
2021-02-23,ACER,Volume,339200
2021-02-24,ACER,Volume,133000
2021-02-25,ACER,Volume,127200
2021-02-26,ACER,Volume,123900
2021-03-01,ACER,Volume,148900
2021-03-02,ACER,Volume,183200
2021-03-03,ACER,Volume,191800
2021-03-04,ACER,Volume,450900
2021-03-05,ACER,Volume,211200
2021-03-08,ACER,Volume,178600
2021-03-09,ACER,Volume,166700
2021-03-10,ACER,Volume,108400
2021-03-11,ACER,Volume,172300
2021-03-12,ACER,Volume,1365000
2021-03-15,ACER,Volume,21941400
2021-03-16,ACER,Volume,1773600
2021-03-17,ACER,Volume,652700
2021-03-18,ACER,Volume,640700
2021-03-19,ACER,Volume,438000
2021-03-22,ACER,Volume,7759900
2021-03-23,ACER,Volume,790000
2021-03-24,ACER,Volume,493900
2021-03-25,ACER,Volume,443800
2021-03-26,ACER,Volume,374900
2021-03-29,ACER,Volume,457800
2021-03-30,ACER,Volume,271000
2021-03-31,ACER,Volume,334500
2021-01-04,DELL,Adjusted,35.858162
2021-01-05,DELL,Adjusted,36.337986
2021-01-06,DELL,Adjusted,36.639732
2021-01-07,DELL,Adjusted,37.762619
2021-01-08,DELL,Adjusted,38.197918
2021-01-11,DELL,Adjusted,37.411404
2021-01-12,DELL,Adjusted,37.965427
2021-01-13,DELL,Adjusted,35.234886
2021-01-14,DELL,Adjusted,36.234108
2021-01-15,DELL,Adjusted,36.733715
2021-01-18,DELL,Adjusted,36.733715
2021-01-19,DELL,Adjusted,37.030514
2021-01-20,DELL,Adjusted,38.113827
2021-01-21,DELL,Adjusted,38.039623
2021-01-22,DELL,Adjusted,37.564754
2021-01-25,DELL,Adjusted,37.436138
2021-01-26,DELL,Adjusted,37.614216
2021-01-27,DELL,Adjusted,36.535854
2021-01-28,DELL,Adjusted,36.565536
2021-01-29,DELL,Adjusted,36.05603
2021-02-01,DELL,Adjusted,36.580368
2021-02-02,DELL,Adjusted,38.173187
2021-02-03,DELL,Adjusted,38.460094
2021-02-04,DELL,Adjusted,39.23177
2021-02-05,DELL,Adjusted,39.380169
2021-02-08,DELL,Adjusted,39.543407
2021-02-09,DELL,Adjusted,39.370274
2021-02-10,DELL,Adjusted,39.365322
2021-02-11,DELL,Adjusted,39.325752
2021-02-12,DELL,Adjusted,39.597816
2021-02-16,DELL,Adjusted,39.296074
2021-02-17,DELL,Adjusted,39.207031
2021-02-18,DELL,Adjusted,39.419743
2021-02-19,DELL,Adjusted,39.953976
2021-02-22,DELL,Adjusted,39.953976
2021-02-23,DELL,Adjusted,39.850101
2021-02-24,DELL,Adjusted,40.409069
2021-02-25,DELL,Adjusted,39.414795
2021-02-26,DELL,Adjusted,40.102375
2021-03-01,DELL,Adjusted,41.101597
2021-03-02,DELL,Adjusted,40.913624
2021-03-03,DELL,Adjusted,41.35387
2021-03-04,DELL,Adjusted,40.958141
2021-03-05,DELL,Adjusted,42.219536
2021-03-08,DELL,Adjusted,42.100819
2021-03-09,DELL,Adjusted,42.783451
2021-03-10,DELL,Adjusted,43.372097
2021-03-11,DELL,Adjusted,43.837082
2021-03-12,DELL,Adjusted,43.936016
2021-03-15,DELL,Adjusted,44.173458
2021-03-16,DELL,Adjusted,44.064629
2021-03-17,DELL,Adjusted,45.152889
2021-03-18,DELL,Adjusted,43.584808
2021-03-19,DELL,Adjusted,43.347366
2021-03-22,DELL,Adjusted,43.208862
2021-03-23,DELL,Adjusted,42.417404
2021-03-24,DELL,Adjusted,42.714199
2021-03-25,DELL,Adjusted,42.536121
2021-03-26,DELL,Adjusted,44.020111
2021-03-29,DELL,Adjusted,43.63427
2021-03-30,DELL,Adjusted,43.822247
2021-03-31,DELL,Adjusted,43.604591
2021-01-04,DELL,Close,36.741005
2021-01-05,DELL,Close,37.232639
2021-01-06,DELL,Close,37.541813
2021-01-07,DELL,Close,38.692348
2021-01-08,DELL,Close,39.138367
2021-01-11,DELL,Close,38.332489
2021-01-12,DELL,Close,38.90015
2021-01-13,DELL,Close,36.102383
2021-01-14,DELL,Close,37.126205
2021-01-15,DELL,Close,37.638115
2021-01-18,DELL,Close,37.638115
2021-01-19,DELL,Close,37.942219
2021-01-20,DELL,Close,39.052204
2021-01-21,DELL,Close,38.976177
2021-01-22,DELL,Close,38.489609
2021-01-25,DELL,Close,38.35783
2021-01-26,DELL,Close,38.540295
2021-01-27,DELL,Close,37.435379
2021-01-28,DELL,Close,37.46579
2021-01-29,DELL,Close,36.943741
2021-02-01,DELL,Close,37.480991
2021-02-02,DELL,Close,39.113026
2021-02-03,DELL,Close,39.406994
2021-02-04,DELL,Close,40.19767
2021-02-05,DELL,Close,40.34972
2021-02-08,DELL,Close,40.516979
2021-02-09,DELL,Close,40.339584
2021-02-10,DELL,Close,40.334515
2021-02-11,DELL,Close,40.293968
2021-02-12,DELL,Close,40.572731
2021-02-16,DELL,Close,40.263557
2021-02-17,DELL,Close,40.172325
2021-02-18,DELL,Close,40.39027
2021-02-19,DELL,Close,40.937656
2021-02-22,DELL,Close,40.937656
2021-02-23,DELL,Close,40.831223
2021-02-24,DELL,Close,41.403954
2021-02-25,DELL,Close,40.385201
2021-02-26,DELL,Close,41.08971
2021-03-01,DELL,Close,42.113533
2021-03-02,DELL,Close,41.920933
2021-03-03,DELL,Close,42.372021
2021-03-04,DELL,Close,41.966549
2021-03-05,DELL,Close,43.258995
2021-03-08,DELL,Close,43.137356
2021-03-09,DELL,Close,43.836796
2021-03-10,DELL,Close,44.439938
2021-03-11,DELL,Close,44.91637
2021-03-12,DELL,Close,45.017738
2021-03-15,DELL,Close,45.261024
2021-03-16,DELL,Close,45.149517
2021-03-17,DELL,Close,46.264572
2021-03-18,DELL,Close,44.657883
2021-03-19,DELL,Close,44.414597
2021-03-22,DELL,Close,44.272682
2021-03-23,DELL,Close,43.461735
2021-03-24,DELL,Close,43.765839
2021-03-25,DELL,Close,43.583378
2021-03-26,DELL,Close,45.103905
2021-03-29,DELL,Close,44.708565
2021-03-30,DELL,Close,44.901165
2021-03-31,DELL,Close,44.678154
2021-01-04,DELL,High,37.450584
2021-01-05,DELL,High,37.496201
2021-01-06,DELL,High,38.129753
2021-01-07,DELL,High,38.697414
2021-01-08,DELL,High,39.234669
2021-01-11,DELL,High,38.945766
2021-01-12,DELL,High,38.90522
2021-01-13,DELL,High,38.00304
2021-01-14,DELL,High,37.430309
2021-01-15,DELL,High,37.962494
2021-01-18,DELL,High,37.962494
2021-01-19,DELL,High,38.028381
2021-01-20,DELL,High,39.118095
2021-01-21,DELL,High,39.391788
2021-01-22,DELL,High,38.611252
2021-01-25,DELL,High,38.71262
2021-01-26,DELL,High,38.768372
2021-01-27,DELL,High,38.388241
2021-01-28,DELL,High,38.109478
2021-01-29,DELL,High,37.800304
2021-02-01,DELL,High,37.871262
2021-02-02,DELL,High,39.396858
2021-02-03,DELL,High,39.700962
2021-02-04,DELL,High,40.212875
2021-02-05,DELL,High,40.587936
2021-02-08,DELL,High,40.907249
2021-02-09,DELL,High,40.511909
2021-02-10,DELL,High,40.54739
2021-02-11,DELL,High,40.608212
2021-02-12,DELL,High,40.577801
2021-02-16,DELL,High,41.008617
2021-02-17,DELL,High,40.532185
2021-02-18,DELL,High,40.816017
2021-02-19,DELL,High,41.216423
2021-02-22,DELL,High,41.550938
2021-02-23,DELL,High,40.993412
2021-02-24,DELL,High,41.520527
2021-02-25,DELL,High,41.358337
2021-02-26,DELL,High,42.164219
2021-03-01,DELL,High,42.290928
2021-03-02,DELL,High,42.356815
2021-03-03,DELL,High,42.660923
2021-03-04,DELL,High,42.777496
2021-03-05,DELL,High,43.431324
2021-03-08,DELL,High,43.938164
2021-03-09,DELL,High,44.53117
2021-03-10,DELL,High,44.657883
2021-03-11,DELL,High,45.347187
2021-03-12,DELL,High,45.027878
2021-03-15,DELL,High,45.27116
2021-03-16,DELL,High,45.509377
2021-03-17,DELL,High,46.381145
2021-03-18,DELL,High,45.848961
2021-03-19,DELL,High,44.987328
2021-03-22,DELL,High,44.744045
2021-03-23,DELL,High,44.576786
2021-03-24,DELL,High,44.298023
2021-03-25,DELL,High,44.044601
2021-03-26,DELL,High,45.108971
2021-03-29,DELL,High,45.428284
2021-03-30,DELL,High,45.134312
2021-03-31,DELL,High,45.108971
2021-01-04,DELL,Low,36.335529
2021-01-05,DELL,Low,36.239231
2021-01-06,DELL,Low,36.953876
2021-01-07,DELL,Low,37.774963
2021-01-08,DELL,Low,38.393311
2021-01-11,DELL,Low,38.332489
2021-01-12,DELL,Low,38.307144
2021-01-13,DELL,Low,35.570198
2021-01-14,DELL,Low,36.117588
2021-01-15,DELL,Low,36.933605
2021-01-18,DELL,Low,36.933605
2021-01-19,DELL,Low,37.658386
2021-01-20,DELL,Low,37.97263
2021-01-21,DELL,Low,38.469337
2021-01-22,DELL,Low,38.028381
2021-01-25,DELL,Low,37.257984
2021-01-26,DELL,Low,37.987835
2021-01-27,DELL,Low,37.10593
2021-01-28,DELL,Low,36.938671
2021-01-29,DELL,Low,36.680183
2021-02-01,DELL,Low,36.847439
2021-02-02,DELL,Low,38.732895
2021-02-03,DELL,Low,38.90015
2021-02-04,DELL,Low,39.559048
2021-02-05,DELL,Low,40.136848
2021-02-08,DELL,Low,40.293968
2021-02-09,DELL,Low,39.939178
2021-02-10,DELL,Low,39.746578
2021-02-11,DELL,Low,39.45768
2021-02-12,DELL,Low,39.96452
2021-02-16,DELL,Low,39.771919
2021-02-17,DELL,Low,39.84288
2021-02-18,DELL,Low,39.619869
2021-02-19,DELL,Low,40.567661
2021-02-22,DELL,Low,40.314243
2021-02-23,DELL,Low,39.042068
2021-02-24,DELL,Low,40.755196
2021-02-25,DELL,Low,40.025341
2021-02-26,DELL,Low,40.54739
2021-03-01,DELL,Low,41.09478
2021-03-02,DELL,Low,41.63203
2021-03-03,DELL,Low,41.83477
2021-03-04,DELL,Low,41.277245
2021-03-05,DELL,Low,42.255447
2021-03-08,DELL,Low,43.051189
2021-03-09,DELL,Low,43.588444
2021-03-10,DELL,Low,43.968575
2021-03-11,DELL,Low,44.602131
2021-03-12,DELL,Low,44.429802
2021-03-15,DELL,Low,44.713634
2021-03-16,DELL,Low,44.73391
2021-03-17,DELL,Low,44.668018000000004
2021-03-18,DELL,Low,44.627472
2021-03-19,DELL,Low,44.37405
2021-03-22,DELL,Low,44.059807
2021-03-23,DELL,Low,42.985302
2021-03-24,DELL,Low,43.507347
2021-03-25,DELL,Low,43.030918
2021-03-26,DELL,Low,43.694881
2021-03-29,DELL,Low,44.485554
2021-03-30,DELL,Low,44.404461
2021-03-31,DELL,Low,44.571716
2021-01-04,DELL,Open,37.450584
2021-01-05,DELL,Open,36.441967
2021-01-06,DELL,Open,37.161682
2021-01-07,DELL,Open,38.01318
2021-01-08,DELL,Open,38.824127
2021-01-11,DELL,Open,38.656868
2021-01-12,DELL,Open,38.449062
2021-01-13,DELL,Open,37.886467
2021-01-14,DELL,Open,36.137859
2021-01-15,DELL,Open,37.07552
2021-01-18,DELL,Open,37.07552
2021-01-19,DELL,Open,37.795235
2021-01-20,DELL,Open,38.489609
2021-01-21,DELL,Open,39.310696
2021-01-22,DELL,Open,38.423721
2021-01-25,DELL,Open,38.692348
2021-01-26,DELL,Open,38.52002
2021-01-27,DELL,Open,37.81551
2021-01-28,DELL,Open,37.42524
2021-01-29,DELL,Open,37.222504
2021-02-01,DELL,Open,37.328941
2021-02-02,DELL,Open,39.016727
2021-02-03,DELL,Open,38.90015
2021-02-04,DELL,Open,39.619869
2021-02-05,DELL,Open,40.293968
2021-02-08,DELL,Open,40.54739
2021-02-09,DELL,Open,40.1926
2021-02-10,DELL,Open,40.461227
2021-02-11,DELL,Open,40.466293
2021-02-12,DELL,Open,40.314243
2021-02-16,DELL,Open,40.937656
2021-02-17,DELL,Open,39.959454
2021-02-18,DELL,Open,39.898632
2021-02-19,DELL,Open,40.881905
2021-02-22,DELL,Open,40.886974
2021-02-23,DELL,Open,40.54739
2021-02-24,DELL,Open,40.947796
2021-02-25,DELL,Open,41.054234
2021-02-26,DELL,Open,40.892044
2021-03-01,DELL,Open,41.09478
2021-03-02,DELL,Open,42.067917
2021-03-03,DELL,Open,42.108463
2021-03-04,DELL,Open,42.280792
2021-03-05,DELL,Open,42.508869
2021-03-08,DELL,Open,43.547897
2021-03-09,DELL,Open,43.63406
2021-03-10,DELL,Open,44.059807
2021-03-11,DELL,Open,44.602131
2021-03-12,DELL,Open,44.865688
2021-03-15,DELL,Open,44.977192
2021-03-16,DELL,Open,45.362392
2021-03-17,DELL,Open,44.997467
2021-03-18,DELL,Open,45.848961
2021-03-19,DELL,Open,44.460213
2021-03-22,DELL,Open,44.313229
2021-03-23,DELL,Open,44.135834
2021-03-24,DELL,Open,43.755703
2021-03-25,DELL,Open,43.162697
2021-03-26,DELL,Open,43.928028
2021-03-29,DELL,Open,44.941711
2021-03-30,DELL,Open,44.439938
2021-03-31,DELL,Open,44.931576
2021-01-04,DELL,Volume,6927203
2021-01-05,DELL,Volume,4051555
2021-01-06,DELL,Volume,5155844
2021-01-07,DELL,Volume,4542635
2021-01-08,DELL,Volume,5304213
2021-01-11,DELL,Volume,2937402
2021-01-12,DELL,Volume,2739511
2021-01-13,DELL,Volume,15098974
2021-01-14,DELL,Volume,8655156
2021-01-15,DELL,Volume,6529052
2021-01-18,DELL,Volume,6529052
2021-01-19,DELL,Volume,4898170
2021-01-20,DELL,Volume,6958771
2021-01-21,DELL,Volume,4772095
2021-01-22,DELL,Volume,2249417
2021-01-25,DELL,Volume,2686437
2021-01-26,DELL,Volume,2520508
2021-01-27,DELL,Volume,5637650
2021-01-28,DELL,Volume,5227858
2021-01-29,DELL,Volume,3720683
2021-02-01,DELL,Volume,3231379
2021-02-02,DELL,Volume,8058324
2021-02-03,DELL,Volume,2721754
2021-02-04,DELL,Volume,2943321
2021-02-05,DELL,Volume,3535616
2021-02-08,DELL,Volume,9876049
2021-02-09,DELL,Volume,8452332
2021-02-10,DELL,Volume,9603578
2021-02-11,DELL,Volume,3077091
2021-02-12,DELL,Volume,3497340
2021-02-16,DELL,Volume,6170952
2021-02-17,DELL,Volume,3593819
2021-02-18,DELL,Volume,3027174
2021-02-19,DELL,Volume,3269853
2021-02-22,DELL,Volume,5745968
2021-02-23,DELL,Volume,5043975
2021-02-24,DELL,Volume,3969676
2021-02-25,DELL,Volume,5594047
2021-02-26,DELL,Volume,6943776
2021-03-01,DELL,Volume,4621753
2021-03-02,DELL,Volume,2937205
2021-03-03,DELL,Volume,5848564
2021-03-04,DELL,Volume,5422791
2021-03-05,DELL,Volume,6930557
2021-03-08,DELL,Volume,6884981
2021-03-09,DELL,Volume,4318897
2021-03-10,DELL,Volume,4408866
2021-03-11,DELL,Volume,7447286
2021-03-12,DELL,Volume,2858088
2021-03-15,DELL,Volume,5621472
2021-03-16,DELL,Volume,5880329
2021-03-17,DELL,Volume,6162468
2021-03-18,DELL,Volume,6201731
2021-03-19,DELL,Volume,7791772
2021-03-22,DELL,Volume,6212385
2021-03-23,DELL,Volume,5250745
2021-03-24,DELL,Volume,5446269
2021-03-25,DELL,Volume,3417039
2021-03-26,DELL,Volume,5169063
2021-03-29,DELL,Volume,4094567
2021-03-30,DELL,Volume,4601036
2021-03-31,DELL,Volume,3239271
2021-01-04,HPQ,Adjusted,22.972628
2021-01-05,HPQ,Adjusted,23.306118
2021-01-06,HPQ,Adjusted,23.782532
2021-01-07,HPQ,Adjusted,24.535263
2021-01-08,HPQ,Adjusted,24.325642
2021-01-11,HPQ,Adjusted,24.563852
2021-01-12,HPQ,Adjusted,24.687716000000002
2021-01-13,HPQ,Adjusted,24.497149
2021-01-14,HPQ,Adjusted,24.411398
2021-01-15,HPQ,Adjusted,23.982628
2021-01-18,HPQ,Adjusted,23.982628
2021-01-19,HPQ,Adjusted,23.954041
2021-01-20,HPQ,Adjusted,24.011211
2021-01-21,HPQ,Adjusted,24.163662
2021-01-22,HPQ,Adjusted,24.077911
2021-01-25,HPQ,Adjusted,23.839705
2021-01-26,HPQ,Adjusted,23.458572
2021-01-27,HPQ,Adjusted,23.677721
2021-01-28,HPQ,Adjusted,23.696777
2021-01-29,HPQ,Adjusted,23.191782
2021-02-01,HPQ,Adjusted,23.325176
2021-02-02,HPQ,Adjusted,23.715834
2021-02-03,HPQ,Adjusted,24.039795
2021-02-04,HPQ,Adjusted,24.725828
2021-02-05,HPQ,Adjusted,24.916395
2021-02-08,HPQ,Adjusted,26.012144
2021-02-09,HPQ,Adjusted,25.81205
2021-02-10,HPQ,Adjusted,25.869223
2021-02-11,HPQ,Adjusted,26.088367
2021-02-12,HPQ,Adjusted,26.193178
2021-02-16,HPQ,Adjusted,25.87875
2021-02-17,HPQ,Adjusted,25.040264
2021-02-18,HPQ,Adjusted,25.164129
2021-02-19,HPQ,Adjusted,25.821581
2021-02-22,HPQ,Adjusted,25.840639
2021-02-23,HPQ,Adjusted,26.088367
2021-02-24,HPQ,Adjusted,26.650539
2021-02-25,HPQ,Adjusted,26.860159
2021-02-26,HPQ,Adjusted,27.603363
2021-03-01,HPQ,Adjusted,28.184587
2021-03-02,HPQ,Adjusted,28.622889
2021-03-03,HPQ,Adjusted,28.413267
2021-03-04,HPQ,Adjusted,26.745819
2021-03-05,HPQ,Adjusted,28.346565
2021-03-08,HPQ,Adjusted,28.737225
2021-03-09,HPQ,Adjusted,28.865732
2021-03-10,HPQ,Adjusted,29.019173
2021-03-11,HPQ,Adjusted,29.095888
2021-03-12,HPQ,Adjusted,29.038351
2021-03-15,HPQ,Adjusted,29.527435
2021-03-16,HPQ,Adjusted,29.182199
2021-03-17,HPQ,Adjusted,29.479488
2021-03-18,HPQ,Adjusted,29.06712
2021-03-19,HPQ,Adjusted,28.84655
2021-03-22,HPQ,Adjusted,29.22056
2021-03-23,HPQ,Adjusted,28.367054
2021-03-24,HPQ,Adjusted,28.165667
2021-03-25,HPQ,Adjusted,28.664343
2021-03-26,HPQ,Adjusted,30.361765
2021-03-29,HPQ,Adjusted,29.795956
2021-03-30,HPQ,Adjusted,30.265862
2021-03-31,HPQ,Adjusted,30.448074
2021-01-04,HPQ,Close,24.110001
2021-01-05,HPQ,Close,24.459999
2021-01-06,HPQ,Close,24.959999
2021-01-07,HPQ,Close,25.75
2021-01-08,HPQ,Close,25.530001
2021-01-11,HPQ,Close,25.780001
2021-01-12,HPQ,Close,25.91
2021-01-13,HPQ,Close,25.709999
2021-01-14,HPQ,Close,25.620001
2021-01-15,HPQ,Close,25.17
2021-01-18,HPQ,Close,25.17
2021-01-19,HPQ,Close,25.139999
2021-01-20,HPQ,Close,25.200001
2021-01-21,HPQ,Close,25.360001
2021-01-22,HPQ,Close,25.27
2021-01-25,HPQ,Close,25.02
2021-01-26,HPQ,Close,24.620001
2021-01-27,HPQ,Close,24.85
2021-01-28,HPQ,Close,24.870001
2021-01-29,HPQ,Close,24.34
2021-02-01,HPQ,Close,24.48
2021-02-02,HPQ,Close,24.889999
2021-02-03,HPQ,Close,25.23
2021-02-04,HPQ,Close,25.950001
2021-02-05,HPQ,Close,26.15
2021-02-08,HPQ,Close,27.299999
2021-02-09,HPQ,Close,27.09
2021-02-10,HPQ,Close,27.15
2021-02-11,HPQ,Close,27.379999
2021-02-12,HPQ,Close,27.49
2021-02-16,HPQ,Close,27.16
2021-02-17,HPQ,Close,26.280001
2021-02-18,HPQ,Close,26.41
2021-02-19,HPQ,Close,27.1
2021-02-22,HPQ,Close,27.120001
2021-02-23,HPQ,Close,27.379999
2021-02-24,HPQ,Close,27.969999
2021-02-25,HPQ,Close,28.190001
2021-02-26,HPQ,Close,28.969999
2021-03-01,HPQ,Close,29.58
2021-03-02,HPQ,Close,30.040001
2021-03-03,HPQ,Close,29.82
2021-03-04,HPQ,Close,28.07
2021-03-05,HPQ,Close,29.75
2021-03-08,HPQ,Close,30.16
2021-03-09,HPQ,Close,30.1
2021-03-10,HPQ,Close,30.26
2021-03-11,HPQ,Close,30.34
2021-03-12,HPQ,Close,30.280001
2021-03-15,HPQ,Close,30.790001
2021-03-16,HPQ,Close,30.43
2021-03-17,HPQ,Close,30.74
2021-03-18,HPQ,Close,30.309999
2021-03-19,HPQ,Close,30.08
2021-03-22,HPQ,Close,30.469999
2021-03-23,HPQ,Close,29.58
2021-03-24,HPQ,Close,29.370001
2021-03-25,HPQ,Close,29.889999
2021-03-26,HPQ,Close,31.66
2021-03-29,HPQ,Close,31.07
2021-03-30,HPQ,Close,31.559999
2021-03-31,HPQ,Close,31.75
2021-01-04,HPQ,High,24.940001
2021-01-05,HPQ,High,24.719999
2021-01-06,HPQ,High,25.379999
2021-01-07,HPQ,High,25.799999
2021-01-08,HPQ,High,25.940001
2021-01-11,HPQ,High,25.93
2021-01-12,HPQ,High,26.15
2021-01-13,HPQ,High,26.040001
2021-01-14,HPQ,High,25.93
2021-01-15,HPQ,High,25.57
2021-01-18,HPQ,High,25.57
2021-01-19,HPQ,High,25.379999
2021-01-20,HPQ,High,25.32
2021-01-21,HPQ,High,25.440001
2021-01-22,HPQ,High,25.35
2021-01-25,HPQ,High,25.27
2021-01-26,HPQ,High,25.360001
2021-01-27,HPQ,High,25.24
2021-01-28,HPQ,High,25.35
2021-01-29,HPQ,High,24.99
2021-02-01,HPQ,High,24.58
2021-02-02,HPQ,High,25
2021-02-03,HPQ,High,25.34
2021-02-04,HPQ,High,25.959999
2021-02-05,HPQ,High,26.58
2021-02-08,HPQ,High,27.360001
2021-02-09,HPQ,High,27.549999
2021-02-10,HPQ,High,27.530001
2021-02-11,HPQ,High,27.48
2021-02-12,HPQ,High,27.5
2021-02-16,HPQ,High,27.68
2021-02-17,HPQ,High,27.08
2021-02-18,HPQ,High,26.450001
2021-02-19,HPQ,High,27.139999
2021-02-22,HPQ,High,27.35
2021-02-23,HPQ,High,27.440001
2021-02-24,HPQ,High,28.26
2021-02-25,HPQ,High,30
2021-02-26,HPQ,High,30.25
2021-03-01,HPQ,High,30.440001
2021-03-02,HPQ,High,30.290001
2021-03-03,HPQ,High,30.280001
2021-03-04,HPQ,High,29.85
2021-03-05,HPQ,High,29.780001
2021-03-08,HPQ,High,30.68
2021-03-09,HPQ,High,30.559999
2021-03-10,HPQ,High,30.57
2021-03-11,HPQ,High,30.48
2021-03-12,HPQ,High,30.83
2021-03-15,HPQ,High,30.809999
2021-03-16,HPQ,High,30.98
2021-03-17,HPQ,High,30.790001
2021-03-18,HPQ,High,31.110001
2021-03-19,HPQ,High,30.32
2021-03-22,HPQ,High,30.719999
2021-03-23,HPQ,High,30.57
2021-03-24,HPQ,High,30.26
2021-03-25,HPQ,High,30.02
2021-03-26,HPQ,High,31.690001
2021-03-29,HPQ,High,31.940001
2021-03-30,HPQ,High,31.66
2021-03-31,HPQ,High,32.119999
2021-01-04,HPQ,Low,23.85
2021-01-05,HPQ,Low,24.08
2021-01-06,HPQ,Low,24.620001
2021-01-07,HPQ,Low,25.059999
2021-01-08,HPQ,Low,25.389999
2021-01-11,HPQ,Low,25.34
2021-01-12,HPQ,Low,25.75
2021-01-13,HPQ,Low,25.700001
2021-01-14,HPQ,Low,25.559999
2021-01-15,HPQ,Low,24.99
2021-01-18,HPQ,Low,24.99
2021-01-19,HPQ,Low,24.99
2021-01-20,HPQ,Low,25.049999
2021-01-21,HPQ,Low,24.98
2021-01-22,HPQ,Low,24.969999
2021-01-25,HPQ,Low,24.41
2021-01-26,HPQ,Low,24.389999
2021-01-27,HPQ,Low,24.16
2021-01-28,HPQ,Low,24.85
2021-01-29,HPQ,Low,24.07
2021-02-01,HPQ,Low,24.1
2021-02-02,HPQ,Low,24.67
2021-02-03,HPQ,Low,24.77
2021-02-04,HPQ,Low,25.110001
2021-02-05,HPQ,Low,25.950001
2021-02-08,HPQ,Low,26.309999
2021-02-09,HPQ,Low,27.09
2021-02-10,HPQ,Low,26.940001
2021-02-11,HPQ,Low,26.93
2021-02-12,HPQ,Low,27.23
2021-02-16,HPQ,Low,27
2021-02-17,HPQ,Low,26.23
2021-02-18,HPQ,Low,25.959999
2021-02-19,HPQ,Low,26.65
2021-02-22,HPQ,Low,26.799999
2021-02-23,HPQ,Low,26.49
2021-02-24,HPQ,Low,27.209999
2021-02-25,HPQ,Low,27.219999
2021-02-26,HPQ,Low,28.83
2021-03-01,HPQ,Low,29.16
2021-03-02,HPQ,Low,29.33
2021-03-03,HPQ,Low,29.52
2021-03-04,HPQ,Low,27.85
2021-03-05,HPQ,Low,28.120001
2021-03-08,HPQ,Low,29.559999
2021-03-09,HPQ,Low,29.85
2021-03-10,HPQ,Low,30.01
2021-03-11,HPQ,Low,29.969999
2021-03-12,HPQ,Low,30.120001
2021-03-15,HPQ,Low,30.08
2021-03-16,HPQ,Low,30.389999
2021-03-17,HPQ,Low,30.26
2021-03-18,HPQ,Low,30.219999
2021-03-19,HPQ,Low,29.68
2021-03-22,HPQ,Low,29.860001
2021-03-23,HPQ,Low,29.440001
2021-03-24,HPQ,Low,29.360001
2021-03-25,HPQ,Low,28.969999
2021-03-26,HPQ,Low,30.02
2021-03-29,HPQ,Low,31.01
2021-03-30,HPQ,Low,30.959999
2021-03-31,HPQ,Low,31.6
2021-01-04,HPQ,Open,24.700001
2021-01-05,HPQ,Open,24.08
2021-01-06,HPQ,Open,24.620001
2021-01-07,HPQ,Open,25.27
2021-01-08,HPQ,Open,25.690001
2021-01-11,HPQ,Open,25.5
2021-01-12,HPQ,Open,25.83
2021-01-13,HPQ,Open,25.99
2021-01-14,HPQ,Open,25.58
2021-01-15,HPQ,Open,25.459999
2021-01-18,HPQ,Open,25.459999
2021-01-19,HPQ,Open,25.26
2021-01-20,HPQ,Open,25.219999
2021-01-21,HPQ,Open,25.41
2021-01-22,HPQ,Open,25.110001
2021-01-25,HPQ,Open,25.219999
2021-01-26,HPQ,Open,25.190001
2021-01-27,HPQ,Open,24.18
2021-01-28,HPQ,Open,24.98
2021-01-29,HPQ,Open,24.77
2021-02-01,HPQ,Open,24.48
2021-02-02,HPQ,Open,24.780001
2021-02-03,HPQ,Open,24.860001
2021-02-04,HPQ,Open,25.209999
2021-02-05,HPQ,Open,26
2021-02-08,HPQ,Open,26.370001
2021-02-09,HPQ,Open,27.33
2021-02-10,HPQ,Open,27.209999
2021-02-11,HPQ,Open,27.299999
2021-02-12,HPQ,Open,27.379999
2021-02-16,HPQ,Open,27.530001
2021-02-17,HPQ,Open,27
2021-02-18,HPQ,Open,26.09
2021-02-19,HPQ,Open,26.700001
2021-02-22,HPQ,Open,26.99
2021-02-23,HPQ,Open,27.030001
2021-02-24,HPQ,Open,27.299999
2021-02-25,HPQ,Open,27.9
2021-02-26,HPQ,Open,29.42
2021-03-01,HPQ,Open,29.370001
2021-03-02,HPQ,Open,29.42
2021-03-03,HPQ,Open,29.940001
2021-03-04,HPQ,Open,29.459999
2021-03-05,HPQ,Open,28.299999
2021-03-08,HPQ,Open,29.610001
2021-03-09,HPQ,Open,30.040001
2021-03-10,HPQ,Open,30.059999
2021-03-11,HPQ,Open,30.370001
2021-03-12,HPQ,Open,30.26
2021-03-15,HPQ,Open,30.26
2021-03-16,HPQ,Open,30.809999
2021-03-17,HPQ,Open,30.290001
2021-03-18,HPQ,Open,30.559999
2021-03-19,HPQ,Open,30.040001
2021-03-22,HPQ,Open,30.110001
2021-03-23,HPQ,Open,30.34
2021-03-24,HPQ,Open,29.73
2021-03-25,HPQ,Open,29.110001
2021-03-26,HPQ,Open,30.02
2021-03-29,HPQ,Open,31.59
2021-03-30,HPQ,Open,31
2021-03-31,HPQ,Open,31.6
2021-01-04,HPQ,Volume,8041600
2021-01-05,HPQ,Volume,7856500
2021-01-06,HPQ,Volume,8471800
2021-01-07,HPQ,Volume,9288400
2021-01-08,HPQ,Volume,7514100
2021-01-11,HPQ,Volume,8907000
2021-01-12,HPQ,Volume,7280700
2021-01-13,HPQ,Volume,6596600
2021-01-14,HPQ,Volume,8290500
2021-01-15,HPQ,Volume,8364600
2021-01-18,HPQ,Volume,8364600
2021-01-19,HPQ,Volume,6794200
2021-01-20,HPQ,Volume,6270500
2021-01-21,HPQ,Volume,7160000
2021-01-22,HPQ,Volume,6684500
2021-01-25,HPQ,Volume,9953100
2021-01-26,HPQ,Volume,11548300
2021-01-27,HPQ,Volume,12948600
2021-01-28,HPQ,Volume,9292900
2021-01-29,HPQ,Volume,14666900
2021-02-01,HPQ,Volume,9353000
2021-02-02,HPQ,Volume,5952800
2021-02-03,HPQ,Volume,6300500
2021-02-04,HPQ,Volume,6963400
2021-02-05,HPQ,Volume,7267500
2021-02-08,HPQ,Volume,8426300
2021-02-09,HPQ,Volume,7065500
2021-02-10,HPQ,Volume,6267500
2021-02-11,HPQ,Volume,6265600
2021-02-12,HPQ,Volume,3941200
2021-02-16,HPQ,Volume,6380700
2021-02-17,HPQ,Volume,9402800
2021-02-18,HPQ,Volume,7345300
2021-02-19,HPQ,Volume,8979600
2021-02-22,HPQ,Volume,9524800
2021-02-23,HPQ,Volume,11845500
2021-02-24,HPQ,Volume,8275900
2021-02-25,HPQ,Volume,18366000
2021-02-26,HPQ,Volume,26078200
2021-03-01,HPQ,Volume,17327800
2021-03-02,HPQ,Volume,10928600
2021-03-03,HPQ,Volume,10059700
2021-03-04,HPQ,Volume,14448400
2021-03-05,HPQ,Volume,13688900
2021-03-08,HPQ,Volume,13142600
2021-03-09,HPQ,Volume,10337000
2021-03-10,HPQ,Volume,11820400
2021-03-11,HPQ,Volume,10122500
2021-03-12,HPQ,Volume,9478300
2021-03-15,HPQ,Volume,12813700
2021-03-16,HPQ,Volume,10605200
2021-03-17,HPQ,Volume,12590100
2021-03-18,HPQ,Volume,11022700
2021-03-19,HPQ,Volume,49810500
2021-03-22,HPQ,Volume,14955000
2021-03-23,HPQ,Volume,10313100
2021-03-24,HPQ,Volume,9073900
2021-03-25,HPQ,Volume,9561200
2021-03-26,HPQ,Volume,13195700
2021-03-29,HPQ,Volume,9661500
2021-03-30,HPQ,Volume,7219500
2021-03-31,HPQ,Volume,8919000
